모든 선사 크루즈 정보,,,,,,,,,,,,,※ Excel 최초 작성일: 25.04.09 (수),,,,,※ 크루즈별 데크 PPT 자료 만들기 병행 예정,,,,,,,,,,
코스타 (Costa Cruises),,,,,,,,,,,,,,,,,,,,,,,,,,,,
코스타 크루즈 공통 적용 시스템,,,,,,,,,,,,,,,,Ship Brochures,=소책자,구글에 MSC 크루즈명 TECHNICAL SHEET PDF라고 검색하면 자료 뜸,,,,Brošure brodova - Allegra Krstarenja,,,,,,
,,,,,,,,,,,,,,,,Manual PDF,,→ 선사별로 PPT 화,,,,https://www.royalcaribbeanincentives.com/discover/planning-tools/ship-brochures/,,,,,,
,,,,,,,,,,,,,,,,,,,,,,,,,,,,
,,,,,,,,,,,,,,,,,,,,,,,,,,,,
,,,,,,,,,,,,,,,,,,코스타,,,,,,,,,,
,,,,,,,,,,,,,,,,,,로얄캐리비안,,,,,,,,,,
,,,,,,,,,,,,,,,,,,MSC,,,,,,,,,,
,,,,,,,,,,,,,,,,,,프린세스,,,,,,,,,,
,,,,,,,,,,,,,,,,,,노르웨이지안,,,,,,,,,,
,,,,,,,,,,,,,,,,,,셀러브리티,,,,,,,,,,
코스타 스메랄다 (Costa Smeralda),,,,,,,특징 & 부대시설 및 프로그램,,,,,,,,,,,https://youtu.be/XEzPjDuj5ZM?si=bRviO-LSUk_P1fxt,유튜브,,,,,,,,,
,,,,,,,,,,,,,,,,,,,,,,,,,,,,
,,,,,,,,,,,,,,,,,,,,,,,,,,,,
,,,,,,,,,,,,,,,,,,,,,,,,,,,,
,,,,,,,,,,,,,,,,,,,,,,,,,,,,
,,,,,,,,,,,,,,,,,,,,,,,,,,,,
,,,,,,,,,,,,,,,,,,,,,,,,,,,,
,,,,,,,,,,,,,,,,,,,,,,,,,,,,
,,,,,,,,,,,,,,,,,,,,,,,,,,,,
,,,,,,,,,,,,,,,,,,,,,,,,,,,,
,,,,,,,,,,,,,,,,,,,,,,,,,,,,
,,,,,,,,,,,,,,,,,,,,,,,,,,,,
,,,,,,,,,,,,,,,,,,,,,,,,,,,,
"총무게:185,010톤  /  길이 : 336.98 [m] /  폭 : 42 [m]  /   층수 : 16층   /   객실수 : 2,612개   /   탑승정원 : 6,554명   /   승무원 : 1,646명",,,,,,,,,,,,,,,,,,,,,,,,,,,,
,,,,,,,,,,,,,,,,,,,,,,,,,,,,
,,,,,,,,,,,,,,,,,,,,,,,,,,,,
코스타 토스카나 (Costa Toscana),,,,,,,특징 & 부대시설 및 프로그램,,,,,,,,,,,https://youtu.be/rNaT8ujbGdk?si=Py4UcYoM1rKKyDJF,유튜브,,,,,,,,,
,,,,,,,,,,,,,,,,,,,,,,,,,,,,
,,,,,,,,,,,,,,,,,,,,,,,,,,,,
,,,,,,,,,,,,,,,,,,,,,,,,,,,,
,,,,,,,,,,,,,,,,,,,,,,,,,,,,
,,,,,,,,,,,,,,,,,,,,,,,,,,,,
,,,,,,,,,,,,,,,,,,,,,,,,,,,,
,,,,,,,,,,,,,,,,,,,,,,,,,,,,
,,,,,,,,,,,,,,,,,,,,,,,,,,,,
,,,,,,,,,,,,,,,,,,,,,,,,,,,,
,,,,,,,,,,,,,,,,,,,,,,,,,,,,
,,,,,,,,,,,,,,,,,,,,,,,,,,,,
,,,,,,,,,,,,,,,,,,,,,,,,,,,,
"총무게:185,000톤  /  길이 : 337 [m] /  폭 : 42 [m]  /   층수 : 16층   /   객실수 : 2,663개   /   탑승정원 : 6,554명   /   승무원 : 1,646명",,,,,,,,,,,,,,,,,,,,,,,,,,,,
,,,,,,,,,,,,,,,,,,,,,,,,,,,,
,,,,,,,,,,,,,,,,,,,,,,,,,,,,
코스타 디아데마(Costa Diadema),,,,,,,특징 & 부대시설 및 프로그램,,,,,,,,,,,,,,,,,,,,,
,,,,,,,,,,,,,,,,,,,,,,,,,,,,
,,,,,,,,,,,,,,,,,,,,,,,,,,,,
,,,,,,,,,,,,,,,,,,,,,,,,,,,,
,,,,,,,,,,,,,,,,,,,,,,,,,,,,
,,,,,,,,,,,,,,,,,,,,,,,,,,,,
,,,,,,,,,,,,,,,,,,,,,,,,,,,,
,,,,,,,,,,,,,,,,,,,,,,,,,,,,
,,,,,,,,,,,,,,,,,,,,,,,,,,,,
,,,,,,,,,,,,,,,,,,,,,,,,,,,,
,,,,,,,,,,,,,,,,,,,,,,,,,,,,
,,,,,,,,,,,,,,,,,,,,,,,,,,,,
,,,,,,,,,,,,,,,,,,,,,,,,,,,,
"총무게:133,019톤  /  길이 : 305.7 [m] /  폭 : 37.2 [m]  /   층수 : 14층   /   객실수 : 1,862개   /   탑승정원 : 4,947명   /   승무원 : 1,253명",,,,,,,,,,,,,,,,,,,,,,,,,,,,
,,,,,,,,,,,,,,,,,,,,,,,,,,,,
,,,,,,,,,,,,,,,,,,,,,,,,,,,,
코스타 퍼시피카(Costa Pacifica),,,,,,,특징 & 부대시설 및 프로그램,,,,,,,,,,,,,,,,,,,,,
,,,,,,,,,,,,,,,,,,,,,,,,,,,,
,,,,,,,,,,,,,,,,,,,,,,,,,,,,
,,,,,,,,,,,,,,,,,,,,,,,,,,,,
,,,,,,,,,,,,,,,,,,,,,,,,,,,,
,,,,,,,,,,,,,,,,,,,,,,,,,,,,
,,,,,,,,,,,,,,,,,,,,,,,,,,,,
,,,,,,,,,,,,,,,,,,,,,,,,,,,,
,,,,,,,,,,,,,,,,,,,,,,,,,,,,
,,,,,,,,,,,,,,,,,,,,,,,,,,,,
,,,,,,,,,,,,,,,,,,,,,,,,,,,,
,,,,,,,,,,,,,,,,,,,,,,,,,,,,
,,,,,,,,,,,,,,,,,,,,,,,,,,,,
"총무게:114,500톤  /  길이 : 290 [m] /  폭 : 36 [m]  /   층수 : 14층   /   객실수 : 1,504개   /   탑승정원 : 3,780명   /   승무원 : 1,100명",,,,,,,,,,,,,,,,,,,,,,,,,,,,
,,,,,,,,,,,,,,,,,,,,,,,,,,,,
,,,,,,,,,,,,,,,,,,,,,,,,,,,,
코스타 포르투나 (Costa Fortuna),,,,,,,특징 & 부대시설 및 프로그램,,,,,,,,,,,,,,,,,,,,,
,,,,,,,,,,,,,,,,,,,,,,,,,,,,
,,,,,,,,,,,,,,,,,,,,,,,,,,,,
,,,,,,,,,,,,,,,,,,,,,,,,,,,,
,,,,,,,,,,,,,,,,,,,,,,,,,,,,
,,,,,,,,,,,,,,,,,,,,,,,,,,,,
,,,,,,,,,,,,,,,,,,,,,,,,,,,,
,,,,,,,,,,,,,,,,,,,,,,,,,,,,
,,,,,,,,,,,,,,,,,,,,,,,,,,,,
,,,,,,,,,,,,,,,,,,,,,,,,,,,,
,,,,,,,,,,,,,,,,,,,,,,,,,,,,
,,,,,,,,,,,,,,,,,,,,,,,,,,,,
,,,,,,,,,,,,,,,,,,,,,,,,,,,,
"총무게:102,669톤  /  길이 : 272.19 [m] /  폭 : 33.54 [m]  /   층수 : 12층   /   객실수 : 1,358개   /   탑승정원 : 3,470명   /   승무원 : 1,068명",,,,,,,,,,,,,,,,,,,,,,,,,,,,
,,,,,,,,,,,,,,,,,,,,,,,,,,,,
,,,,,,,,,,,,,,,,,,,,,,,,,,,,
코스타 파보로사 (Costa Favolosa),,,,,,,특징 & 부대시설 및 프로그램,,,,,,,,,,,,,,,,,,,,,
,,,,,,,,,,,,,,,,,,,,,,,,,,,,
,,,,,,,,,,,,,,,,,,,,,,,,,,,,
,,,,,,,,,,,,,,,,,,,,,,,,,,,,
,,,,,,,,,,,,,,,,,,,,,,,,,,,,
,,,,,,,,,,,,,,,,,,,,,,,,,,,,
,,,,,,,,,,,,,,,,,,,,,,,,,,,,
,,,,,,,,,,,,,,,,,,,,,,,,,,,,
,,,,,,,,,,,,,,,,,,,,,,,,,,,,
,,,,,,,,,,,,,,,,,,,,,,,,,,,,
,,,,,,,,,,,,,,,,,,,,,,,,,,,,
,,,,,,,,,,,,,,,,,,,,,,,,,,,,
,,,,,,,,,,,,,,,,,,,,,,,,,,,,
"총무게:113,307톤  /  길이 : 289.65 [m] /  폭 : 35.54 [m]  /   층수 : 13층   /   객실수 : 1,508개   /   탑승정원 : 3,800명   /   승무원 : 1,100명",,,,,,,,,,,,,,,,,,,,,,,,,,,,
,,,,,,,,,,,,,,,,,,,,,,,,,,,,
,,,,,,,,,,,,,,,,,,,,,,,,,,,,
코스타 델리치오사  (Costa Deliziosa),,,,,,,특징 & 부대시설 및 프로그램,,,,,,,,,,,,,,,,,,,,,
,,,,,,,,,,,,,,,,,,,,,,,,,,,,
,,,,,,,,,,,,,,,,,,,,,,,,,,,,
,,,,,,,,,,,,,,,,,,,,,,,,,,,,
,,,,,,,,,,,,,,,,,,,,,,,,,,,,
,,,,,,,,,,,,,,,,,,,,,,,,,,,,
,,,,,,,,,,,,,,,,,,,,,,,,,,,,
,,,,,,,,,,,,,,,,,,,,,,,,,,,,
,,,,,,,,,,,,,,,,,,,,,,,,,,,,
,,,,,,,,,,,,,,,,,,,,,,,,,,,,
,,,,,,,,,,,,,,,,,,,,,,,,,,,,
,,,,,,,,,,,,,,,,,,,,,,,,,,,,
,,,,,,,,,,,,,,,,,,,,,,,,,,,,
"총무게:92,600톤  /  길이 : 294 [m] /  폭 : 32.3 [m]  /   층수 : 12층   /   객실수 : 1,130개   /   탑승정원 : 3,760명   /   승무원 : 1,100명",,,,,,,,,,,,,,,,,,,,,,,,,,,,
,,,,,,,,,,,,,,,,,,,,,,,,,,,,
,,,,,,,,,,,,,,,,,,,,,,,,,,,,
코스타 파시노사  (Costa Fascinosa),,,,,,,특징 & 부대시설 및 프로그램,,,,,,,,,,,,,,,,,,,,,
,,,,,,,,,,,,,,,,,,,,,,,,,,,,
,,,,,,,,,,,,,,,,,,,,,,,,,,,,
,,,,,,,,,,,,,,,,,,,,,,,,,,,,
,,,,,,,,,,,,,,,,,,,,,,,,,,,,
,,,,,,,,,,,,,,,,,,,,,,,,,,,,
,,,,,,,,,,,,,,,,,,,,,,,,,,,,
,,,,,,,,,,,,,,,,,,,,,,,,,,,,
,,,,,,,,,,,,,,,,,,,,,,,,,,,,
,,,,,,,,,,,,,,,,,,,,,,,,,,,,
,,,,,,,,,,,,,,,,,,,,,,,,,,,,
,,,,,,,,,,,,,,,,,,,,,,,,,,,,
,,,,,,,,,,,,,,,,,,,,,,,,,,,,
"총무게:113,321톤  /  길이 : 289.58 [m] /  폭 : 35.5 [m]  /   층수 : 13층   /   객실수 : 1,508개   /   탑승정원 : 3,800명   /   승무원 : 1,100명",,,,,,,,,,,,,,,,,,,,,,,,,,,,
,,,,,,,,,,,,,,,,,,,,,,,,,,,,
,,,,,,,,,,,,,,,,,,,,,,,,,,,,
코스타 마지카  (Costa Magica),,,,,,,특징 & 부대시설 및 프로그램,,,,,,,,,,,,,,,,,,,,,
,,,,,,,,,,,,,,,,,,,,,,,,,,,,
,,,,,,,,,,,,,,,,,,,,,,,,,,,,
,,,,,,,,,,,,,,,,,,,,,,,,,,,,
,,,,,,,,,,,,,,,,,,,,,,,,,,,,
,,,,,,,,,,,,,,,,,,,,,,,,,,,,
,,,,,,,,,,,,,,,,,,,,,,,,,,,,
,,,,,,,,,,,,,,,,,,,,,,,,,,,,
,,,,,,,,,,,,,,,,,,,,,,,,,,,,
,,,,,,,,,,,,,,,,,,,,,,,,,,,,
,,,,,,,,,,,,,,,,,,,,,,,,,,,,
,,,,,,,,,,,,,,,,,,,,,,,,,,,,
,,,,,,,,,,,,,,,,,,,,,,,,,,,,
"총무게:102,587톤  /  길이 : 272 [m] /  폭 : 35.5 [m]  /   층수 : 13층   /   객실수 : 1,358개   /   탑승정원 : 3,470명   /   승무원 : 1,068명",,,,,,,,,,,,,,,,,,,,,,,,,,,,
,,,,,,,,,,,,,,,,,,,,,,,,,,,,
,,,,,,,,,,,,,,,,,,,,,,,,,,,,
코스타 세레나 (Costa Serena),,,,,,,특징 & 부대시설 및 프로그램,,,,,,,,,,,참고 링크,내용,,,,,,,,,
,,,,,,,특징,,,,,부대시설 및 프로그램,,,,,,https://docs.google.com/document/d/1ieseh_fPraTQD1SFVTtzalNGfM5j_TtJTpQDeQCXpXI/edit?usp=drivesdk,콜스크립트 [문서],,,,,,,,,
,,,,,,,1. 2007년도 첫 출항,,,,,"메인 다이닝룸 2곳 (3층, 9층) 뷔폐 레스토랑 , 대극장 (3층)",,,,,,https://cafe.naver.com/funhanshop2?iframe_url=/ArticleList.nhn%3Fsearch.clubid=30442342%26search.menuid=161%26search.boardtype=L,영업자료 다운[카페],,,,,,,,,
,,,,,,,2. 국내에서 운행중인 크루즈 중에 가증큰 규모를 자랑함 (전세선임!),,,,,"수영장 3개(바닷물) + 워터슬라이드 / 여자 사우나(오션뷰),남자사우나(내측)  온천 / 스파",,,,,,https://www.youtube.com/watch?v=kT5M-1Oivck,코스타 세레나호 살펴보기,,,,,,,,,
,,,,,,,3. 왕복일정의 경우 항공편을 예매할필요가 없음.,,,,, 뷰티샬롱 & 마사지 / 키즈클럽(Squok Club) / 헬스장 / 조깅트랙 / 탁구 / 농구 / 풋살,,,,,,https://youtu.be/2e5w7XkHcZ4?si=MGdzqc26Wmay_Ij2,크루즈야 홍콩크루즈 후기 [유튜브],,,,,,,,,
,,,,,,,4. 선상신문 한국어 지원 + 안내방송도 한국어 지원 + 안내데스크운,,,,,카지노 / 슬로머신 / 노래방 / 클럽 / 댄스 / 키즈클럽 / 면세점 / 도서관 / 면세점 / 예배당 ,,,,,,https://www.youtube.com/watch?v=uGqjZDpTTEE,93세 아버지와 5섯아들 홍콩크루즈 후기[유튜브],,,,,,,,,
,,,,,,,5. 한식뷔페 따로있음 + 김치 제공됨,,,,,,,,,,,https://youtu.be/qieN7DNQqSM?si=m1RfLjag0hifdcsW,채널A 크루즈 니즈 증폭 [유튜브],,,,,,,,,
,,,,,,,6. 일정에따라 한국연예인 섭외가능,,,,,※ 코스타 카드랑 연동한 카드를 기항지에서 사용하면  연결해둔게 취소됨 ,,,,,,https://youtu.be/492cVv103cA?si=MgRye1dZ-MolQIgd,노홍철 크루즈 니즈증폭 [유튜브],,,,,,,,,
,,,,,,,7. 단독공연가능 및 한국인 노래방 운영함.,,,,,(이부분은 선사마다 다름),,,,,,https://www.youtube.com/watch?v=3GP8gVi3yYQ,JTBC 톡파원[유튜브],,,,,,,,,
,,,,,,,8. 이탈리아 화덕피자 10달러이하 ,,,,,,,,,,,,,,,,,,,,,
,,,,,,,9. 커넥팅 룸 없음. ,,,,,,,,,,,,,,,,,,,,,
,,,,,,,10. 장애인 전용 객실 존재함 (객실이 조금더 크며 화장실도 넓음),,,,,,,,,,,,,,,,,,,,,
,,,,,,,,,,,,,,,,,,,,,,,,,,,,
"총무게:114,500톤  /  길이 : 290 [m] /  폭 : 35.5 [m]   /   층수 : 14층   /   객실수 : 1,465개   /   탑승정원 : 3,780명   /   승무원 : 1,100명",,,,,,,,,,,,,,,,,,,,,,,,,,,,
,,,,,,,,,,,,,,,,,,,,,,,,,,,,
,,,,,,,,,,,,,,,,,,,,,,,,,,,,
코스타 베네치아 (Costa Venezia),,,,,,,특징 & 부대시설 및 프로그램,,,,,,,,,,,,,,,,,,,,,
,,,,,,,,,,,,,,,,,,,,,,,,,,,,
,,,,,,,,,,,,,,,,,,,,,,,,,,,,
,,,,,,,,,,,,,,,,,,,,,,,,,,,,
,,,,,,,,,,,,,,,,,,,,,,,,,,,,
,,,,,,,,,,,,,,,,,,,,,,,,,,,,
,,,,,,,,,,,,,,,,,,,,,,,,,,,,
,,,,,,,,,,,,,,,,,,,,,,,,,,,,
,,,,,,,,,,,,,,,,,,,,,,,,,,,,
,,,,,,,,,,,,,,,,,,,,,,,,,,,,
,,,,,,,,,,,,,,,,,,,,,,,,,,,,
,,,,,,,,,,,,,,,,,,,,,,,,,,,,
,,,,,,,,,,,,,,,,,,,,,,,,,,,,
"총무게:135,255톤  /  길이 : 323.46 [m] /  폭 : 37.2 [m]   /   층수 : 13층   /   객실수 : 2,116개   /   탑승정원 : 5,260명   /   승무원 : 1,278명",,,,,,,,,,,,,,,,,,,,,,,,,,,,
,,,,,,,,,,,,,,,,,,,,,,,,,,,,
,,,,,,,,,,,,,,,,,,,,,,,,,,,,
코스타 피렌체 (Costa Firenze),,,,,,,특징 & 부대시설 및 프로그램,,,,,,,,,,,,,,,,,,,,,
,,,,,,,,,,,,,,,,,,,,,,,,,,,,
,,,,,,,,,,,,,,,,,,,,,,,,,,,,
,,,,,,,,,,,,,,,,,,,,,,,,,,,,
,,,,,,,,,,,,,,,,,,,,,,,,,,,,
,,,,,,,,,,,,,,,,,,,,,,,,,,,,
,,,,,,,,,,,,,,,,,,,,,,,,,,,,
,,,,,,,,,,,,,,,,,,,,,,,,,,,,
,,,,,,,,,,,,,,,,,,,,,,,,,,,,
,,,,,,,,,,,,,,,,,,,,,,,,,,,,
,,,,,,,,,,,,,,,,,,,,,,,,,,,,
,,,,,,,,,,,,,,,,,,,,,,,,,,,,
,,,,,,,,,,,,,,,,,,,,,,,,,,,,
"총무게:135,156톤  /  길이 : 323.59 [m] /  폭 : 37.2 [m]   /   층수 : 13층   /   객실수 : 2,136개   /   탑승정원 : 5,246명   /   승무원 : 1,278명",,,,,,,,,,,,,,,,,,,,,,,,,,,,
,,,,,,,,,,,,,,,,,,,,,,,,,,,,
,,,,,,,,,,,,,,,,,,,,,,,,,,,,
로얄 캐리비안 (Royal Caribbean Cruises),,,,,,,,,,,,,,,,,,,,,,,,,,,,
로얄캐리비안 크루즈 공통 적용 시스템,,,,,,,,,,실무용 로얄 질문,https://docs.google.com/spreadsheets/d/14GM-9xbfgzWPTOL5U50xJt6WJ16613Lxc_rWzLPP9C0/edit?usp=sharing,,,,,,,,,1,2,,,,,,,
"■ The Key Free Pass 시스템  = 기다리지않고 다른 서비스를 이용할수있다. (여권수속도 기다릴필요가없다.) 열쇠표시 마킹으로 구분가능 / [비용은 선박에 따라 다르지만 하루 약 25달러 수준, 탑승객이 많을시 비용은 시간이 지남에 따라 더 비싸짐]",,,,,,,,,,,,,,,,,,The Key Free Pass 시스템,,https://chaoticallyyours.com/royal-caribbean-key/,https://blog.naver.com/98ekgml/223733357224,더키 참고 링크,싱가포르 로얄캐리비안 크루즈 VOOM SURF + STREAM 인터넷 (WiFi) 이용 하기,로얄캐리비안 Voom 와이파이참고,,,,
※ 스위트룸 객실을 사용하거나 이미 로얄 프로그램 회원이라면 이미 적용되고있는 서비스가 많기 때문에 일반 여행자들이 사용하면 더 특별한 여행을 즐길수있음,,,,,,,,,,,,,,,,,,,,,,,,,,,,
→ 별도의 줄 없이 승하선 우선적용,,,,,,,,,,,,,,,,,,,,,,,,,,,,
→ 캐리어 우선 배달 : 직접 객실로 배달해줌,,,,,,■ 로얄캐리비안 앱 사용가능,,,,,■ 로얄캐리비안 클래스별 특징,,,,,,,,,,,,,,,,,
→ Voom 프리미엄 인터넷 포함 (스타링크 도입 이후 속도 안정화됨),,,,,,→ 체크인 &보디패스 생성,,,,,"1. Icon Class = 2024년 등장한 세계 최대·최신 선박. 초대형 워터파크, 친환경 LNG 사용.",,,,,,,,,,,,,,,,,
"→ 메인 극장, 아쿠아 극장, 스튜디오및 공연 VIP 좌석 보장",,,,,,→ 액티비티 스케줄 확인 및 예약가능,,,,,"2. Oasis Class = 다양한 테마구역(센트럴파크, 보드워크 등), 최대 크기 선박군.",,,,,,,,,,,,,,,,,
→ 선내 액티비티 우선예약 적용,,,,,,→ 선상 식당 예약 및 스파/메인쇼 티켓예매,,,,,"3. Quantum Class = 고급 기술 탑재(North Star 전망대, 스카이다이빙 시뮬레이터).",,,,,,,,,,,,,,,,,
→ 하선 당일 The Key 전용 조식 라운지 제공,,,,,,→ 메신저 기능(일부 선박 유료),,,,,"4. Freedom Class = 워터파크, 서핑 시뮬레이터 등 가족친화형 액티비티 제공.",,,,,,,,,,,,,,,,,
,,,,,,→ 실시간 선박 맵 / 스케줄 / 비용확인,,,,,"5. Voyager Class =초대형 선박의 시초, 아이스링크와 로열프롬나드 탑재.",,,,,,,,,,,,,,,,,
"■ 다이닝(정찬) 식사 순서 나뉘어져있음, 객실에따른 자리가 정해져있으며 각 구역 매니저가 배정됨.",,,,,,,,,,,6. Radiance Class = 유리 비율이 높아 전망이 뛰어남. 파노라마 뷰.,,,,,,,,,,,,,,,,,
"■ 24시간 뷔페 운영 및 아이들 전용 뷔페 존재함 + 음료 무료(커피, 아이스티, 에이드 주스, 아이스크림 등)",,,,,,■ Flexible Refund & Cruise Planner 시스템,,,,,"7. Vision Class = 비교적 소형, 전통적인 크루즈 느낌. 고급스러운 분위기.",,,,,,,,,,,,,,,,,
■ 와이파이를 객실당 1인만 신청가능하며 미리 신청가능함,,,,,,※ 로얄 캐리비안 앱 또는 웹사이트에서 일괄 처리 가능,,,,,8. Sovereign Class = 로얄캐리비안의 초기 대형 선박. 현재 모두 퇴역.,,,,,,,,,,,,,,,,,
■ 5성급 호텔 과 인테리어 / 방음이 잘되며 흔들림이 없다싶이함.,,,,,,"→ Cruise Planner: 출항 48시간 전까지 각종 예약(식당, 인터넷, 스파 등) 관리 가능",,,,,,,,,,,,,,,,,,,,,,
■ 미슐랭 식단이 운영되며 / 김치는 서비스 팁을 줘야 받을수있음 ,,,,,,→ 할인 반영 자동 적용: 예약 후 가격 하락 시 자동 환불 또는 차액 조정,,,,,,,,,,,,,,,,,,,,,,
,,,,,,,,,,,,,,,,,,,,,,,,,,,,
아이콘 오브 더 시즈 (Icon of the Seas),,,,,,,특징 & 부대시설 및 프로그램,,,,,,,,,,,,,,,,,,,,,
,,,,,,,특징,Icon Class,,,,,부대시설,,,,,,,,,,,,,,,
,,,,,,,,,,,,,,,,,,,,,,,,,,,,
,,,,,,,,,,,,,,,,,,,,,,,,,,,,
,,,,,,,,,,,,,,,,,,,,,,,,,,,,
,,,,,,,,,,,,,,,,,,,,,,,,,,,,
,,,,,,,,,,,,,,,,,,,,,,,,,,,,
,,,,,,,,,,,,,,,,,,,,,,,,,,,,
,,,,,,,,,,,,,,,,,,,,,,,,,,,,
,,,,,,,,,,,,,,,,,,,,,,,,,,,,
,,,,,,,,,,,,,,,,,,,,,,,,,,,,
,,,,,,,,,,,,,,,,,,,,,,,,,,,,
,,,,,,,,,,,,,,,,,,,,,,,,,,,,
"총무게:250,800톤  /  길이 : 365 [m]  /  폭 : 66 [m]   / 층수 : 20층   /   객실수 :  2,805  /   탑승정원 : 7,600명   /   승무원 : 2,350명",,,,,,,,,,,,,,,,,,,,,,,,,,,,
,,,,,,,,,,,,,,,,,,,,,,,,,,,,
,,,,,,,,,,,,,,,,,,,,,,,,,,,,
스타 오브 더 시즈 (Star of the Seas),,,,,,,특징 & 부대시설 및 프로그램,,,,,,,,,,,,,,,,,,,,,
,,,,,,,특징,Icon Class,,,,,부대시설,,,,,스타 오브 더 시스 전체 투어 선박 투어 | 세계에서 가장 새롭고 큰 크루즈 선박,유튜브,,,,,,,,,
,,,,,,,,,,,,,,,,,,,,,,,,,,,,
,,,,,,,,,,,,,,,,,,,,,,,,,,,,
,,,,,,,,,,,,,,,,,,,,,,,,,,,,
,,,,,,,,,,,,,,,,,,,,,,,,,,,,
,,,,,,,,,,,,,,,,,,,,,,,,,,,,
,,,,,,,,,,,,,,,,,,,,,,,,,,,,
,,,,,,,,,,,,,,,,,,,,,,,,,,,,
,,,,,,,,,,,,,,,,,,,,,,,,,,,,
,,,,,,,,,,,,,,,,,,,,,,,,,,,,
,,,,,,,,,,,,,,,,,,,,,,,,,,,,
,,,,,,,,,,,,,,,,,,,,,,,,,,,,
"총무게:248,663톤  /  길이 : 365 [m]  /  폭 : 64.9  [m]   / 층수 : 19층   /   객실수 : 2,805   /   탑승정원 : 7,600명   /   승무원 : 2,350명",,,,,,,,,,,,,,,,,,,,,,,,,,,,
,,,,,,,,,,,,,,,,,,,,,,,,,,,,
,,,,,,,,,,,,,,,,,,,,,,,,,,,,
유토피아 오브 더 시즈 (Utopia of the Seas),,,,,,,특징 & 부대시설 및 프로그램,,,,,,,,,,,,,,,,,,,,,
,,,,,,,특징,Oasis Class,,,,,부대시설,,,,,,,,,,,,,,,
,,,,,,,,,,,,,,,,,,,,,,,,,,,,
,,,,,,,,,,,,,,,,,,,,,,,,,,,,
,,,,,,,,,,,,,,,,,,,,,,,,,,,,
,,,,,,,,,,,,,,,,,,,,,,,,,,,,
,,,,,,,,,,,,,,,,,,,,,,,,,,,,
,,,,,,,,,,,,,,,,,,,,,,,,,,,,
,,,,,,,,,,,,,,,,,,,,,,,,,,,,
,,,,,,,,,,,,,,,,,,,,,,,,,,,,
,,,,,,,,,,,,,,,,,,,,,,,,,,,,
,,,,,,,,,,,,,,,,,,,,,,,,,,,,
,,,,,,,,,,,,,,,,,,,,,,,,,,,,
"총무게:236,860톤  /  길이 : 362.1 [m]  /  폭 : 64.3  [m]   / 층수 : 18층   /   객실수 : 2,834   /   탑승정원 : 5,668명   /   승무원 : 2,290명",,,,,,,,,,,,,,,,,,,,,,,,,,,,
,,,,,,,,,,,,,,,,,,,,,,,,,,,,
,,,,,,,,,,,,,,,,,,,,,,,,,,,,
원더 오브 더 시즈 (Wonder of the Seas),,,,,,,특징 & 부대시설 및 프로그램,,,,,,,,,,,,,,,,,,,,,
,,,,,,,특징,Oasis Class,,,,,부대시설,,,,,,,,,,,,,,,
,,,,,,,,,,,,,,,,,,,,,,,,,,,,
,,,,,,,,,,,,,,,,,,,,,,,,,,,,
,,,,,,,,,,,,,,,,,,,,,,,,,,,,
,,,,,,,,,,,,,,,,,,,,,,,,,,,,
,,,,,,,,,,,,,,,,,,,,,,,,,,,,
,,,,,,,,,,,,,,,,,,,,,,,,,,,,
,,,,,,,,,,,,,,,,,,,,,,,,,,,,
,,,,,,,,,,,,,,,,,,,,,,,,,,,,
,,,,,,,,,,,,,,,,,,,,,,,,,,,,
,,,,,,,,,,,,,,,,,,,,,,,,,,,,
,,,,,,,,,,,,,,,,,,,,,,,,,,,,
"총무게:236,857톤  /  길이 : 362.1 [m]  /  폭 :  64 [m]   / 층수 : 18층   /   객실수 : 2,867   /   탑승정원 : 6,988명   /   승무원 : 2,300명",,,,,,,,,,,,,,,,,,,,,,,,,,,,
,,,,,,,,,,,,,,,,,,,,,,,,,,,,
,,,,,,,,,,,,,,,,,,,,,,,,,,,,
심포니 오브 더 시즈 (Symphony of the Seas),,,,,,,특징 & 부대시설 및 프로그램,,,,,,,,,,,,,,,,,,,,,
,,,,,,,특징,Oasis Class,,,,,부대시설,,,,,,,,,,,,,,,
,,,,,,,,,,,,,,,,,,,,,,,,,,,,
,,,,,,,,,,,,,,,,,,,,,,,,,,,,
,,,,,,,,,,,,,,,,,,,,,,,,,,,,
,,,,,,,,,,,,,,,,,,,,,,,,,,,,
,,,,,,,,,,,,,,,,,,,,,,,,,,,,
,,,,,,,,,,,,,,,,,,,,,,,,,,,,
,,,,,,,,,,,,,,,,,,,,,,,,,,,,
,,,,,,,,,,,,,,,,,,,,,,,,,,,,
,,,,,,,,,,,,,,,,,,,,,,,,,,,,
,,,,,,,,,,,,,,,,,,,,,,,,,,,,
,,,,,,,,,,,,,,,,,,,,,,,,,,,,
"총무게:228,081톤  /  길이 : 362.1 [m]  /  폭 :  65.6 [m]   / 층수 : 18층   /   객실수 : 2,759   /   탑승정원 : 6,680명   /   승무원 : 2,200명",,,,,,,,,,,,,,,,,,,,,,,,,,,,
,,,,,,,,,,,,,,,,,,,,,,,,,,,,
,,,,,,,,,,,,,,,,,,,,,,,,,,,,
하모니 오브 더 시즈 (Harmony of the Seas),,,,,,,특징 & 부대시설 및 프로그램,,,,,,,,,,,,,,,,,,,,,
,,,,,,,특징,Oasis Class,,,,,부대시설,,,,,,,,,,,,,,,
,,,,,,,,,,,,,,,,,,,,,,,,,,,,
,,,,,,,,,,,,,,,,,,,,,,,,,,,,
,,,,,,,,,,,,,,,,,,,,,,,,,,,,
,,,,,,,,,,,,,,,,,,,,,,,,,,,,
,,,,,,,,,,,,,,,,,,,,,,,,,,,,
,,,,,,,,,,,,,,,,,,,,,,,,,,,,
,,,,,,,,,,,,,,,,,,,,,,,,,,,,
,,,,,,,,,,,,,,,,,,,,,,,,,,,,
,,,,,,,,,,,,,,,,,,,,,,,,,,,,
,,,,,,,,,,,,,,,,,,,,,,,,,,,,
,,,,,,,,,,,,,,,,,,,,,,,,,,,,
"총무게:226,963톤  /  길이 : 362.1 [m]  /  폭 :  65.6 [m]   / 층수 : 18층   /   객실수 : 2,747   /   탑승정원 : 6,687명   /   승무원 : 2,210명",,,,,,,,,,,,,,,,,,,,,,,,,,,,
,,,,,,,,,,,,,,,,,,,,,,,,,,,,
,,,,,,,,,,,,,,,,,,,,,,,,,,,,
얼루어 오브 더 시즈 (Allure of the Seas),,,,,,,특징 & 부대시설 및 프로그램,,,,,,,,,,,,,,,,,,,,,
,,,,,,,특징,Oasis Class,,,,,부대시설,,,,,레이저테크 참고이미지,,,,,,,,,,
,,,,,,,1. 2010년 첫 출항했으나 25년 4월 스페인 카디스에서 약 1억원 유로 규모의 개보수 진행,,,,,,10층높이 드라이 슬라이드 / 워터슬라이드세트 / 인공서핑장,,,,,,,,,,,,,,,
,,,,,,,2. 지중해 및 카리브해를 메인으로 하는 크루즈선임,,,,,,9층높이 집라인 / 어린이용 워터파크 / 아쿠아극장(수중쇼 및 다이빙 공연),,,,,,,,,,,,,,,
,,,,,,,3. Ultimate Panoramic Suites = 선박의 선두에 위치한 파노라마 뷰 스트위룸 있음,,,,,,실내 아이스링크장 및 스케이팅 / 레이저 태그/ 테마별 방탈출게임,,,,,,,,,,,,,,,
,,,,,,,4. 선내 7개의 테마 구역으로 나누어 다양한 경험 제공,,,,,,해상 암벽등반장 / 미니 골프코스/ 스포츠 중계및 아케이드게임장,,,,,,,,,,,,,,,
,,,,,,,"4-1. Royal Promenade: 쇼핑 거리와 바, 레스토랑이 위치한 중심 거리",,,,,,멕시코스타일 캐쥬얼 다이닝 / 미남부 스타일 요일 및 카테일,,,,,,,,,,,,,,,
,,,,,,,"4-2. Central Park: 12,000여 개의 실제 식물이 있는 야외 정원",,,,,,이테리 전통 요리 레스토랑 / 메인 다이닝룸 및 뷔페,,,,,,,,,,,,,,,
,,,,,,,"4-3. Boardwalk: 수제 회전목마, 아쿠아 극장, 가족 친화적 공간",,,,,,연령별 맟춤 어린이프로그램(Adventure Ocean),,,,,,,,,,,,,,,
,,,,,,,"4-4. Entertainment Place: 아이스링크, 카지노, 대형 극장 등 엔터테인먼트 공간",,,,,,청소년전용 라운지 및 활동공간(Social298),,,,,,,,,,,,,,,
,,,,,,,4-5. Vitality at Sea Spa & Fitness: 스파 및 피트니스 센터,,,,,,어린이 전용 워터파크(Splashaway Bay),,,,,,,,,,,,,,,
,,,,,,,"4-6. Pool & Sports Zone: 수영장, 워터슬라이드, 스포츠 코트 등",,,,,,,,,,,,,,,,,,,,,
,,,,,,,4-7. Youth Zone: 어린이 및 청소년을 위한 전용 공간,,,,,,,,,,,,,,,,,,,,,
"총무게:225,282톤  /  길이 : 361.8 [m]  /  폭 :  65.5 [m]   / 층수 : 18층   /   객실수 : 2,748   /   탑승정원 : 6,780명   /   승무원 : 2,384명",,,,,,,,,,,,,,,,,,,,,,,,,,,,
,,,,,,,,,,,,,,,,,,,,,,,,,,,,
,,,,,,,,,,,,,,,,,,,,,,,,,,,,
오아시스 오브 더 시즈 (Oasis of the Seas),,,,,,,특징 & 부대시설 및 프로그램,,,,,,,,,,,,,,,,,,,,,
,,,,,,,특징,Oasis Class,,,,,부대시설,,,,,드림웍스 케릭터,,,,,,,,,,
,,,,,,,1. 2009년 첫 출항 했으나 2019년 대규모 개보수 진행,,,,,,10층높이 드라이 슬라이드 / 3개의 워터슬라이드 워터파크 / 인공서핑장,,,,,,,,,,,,,,,
,,,,,,,2. 미국 플로리다 를 중심으로 카리브해를 주로 운항하는 크루즈선임,,,,,,9층높이 집라인 / 어린이용 워터파크 / 아쿠아극장(수중쇼 및 다이빙 공연),,,,,,,,,,,,,,,
,,,,,,,3. 복층구조 럭셔리 스위트룸 존재함,,,,,,암벽등반장 / 미니골프코스 / 아이스 스케이팅 쇼 및 스케이트장,,,,,,,,,,,,,,,
,,,,,,,4. 선내 7개의 테마 구역으로 나누어 다양한 경험 제공,,,,,,스탠드업 코미디 공연 / 라이브 밴드 공연 연극장,,,,,,,,,,,,,,,
,,,,,,,"4-1. Central Park: 실제 식물과 나무로 조성된 야외 공원, 고급 레스토랑과 상점이 위치",,,,,,메인 다이닝룸 및 뷔페 / 멕시코스타일 간편식 / 샐러드카페 /건강식 레스토랑,,,,,,,,,,,,,,,
,,,,,,,"4-2. Boardwalk: 회전목마, 아이스크림 가게, 아쿠아 극장 등 가족 친화적인 공간",,,,,,연령별 맟춤 어린이프로그램 3~11세 (Adventure Ocean),,,,,,,,,,,,,,,
,,,,,,,"4-3. Royal Promenade: 쇼핑몰 형태의 거리, 다양한 상점과 카페, 바가 위치",,,,,,유아를 위한 놀이 및 교육 프로그램 6~36개월 (AO Babies),,,,,,,,,,,,,,,
,,,,,,,"4-4. Entertainment Place: 극장, 코미디 클럽, 나이트클럽 등 엔터테인먼트 공간",,,,,,청소년전용 라운지 및 활동공간 13~17세 (Teen Lounge),,,,,,,,,,,,,,,
,,,,,,,4-5. Youth Zone: 어린이와 청소년을 위한 전용 공간과 프로그램 제공,,,,,,드림웍스 캐릭터와의 만남 및 퍼레이드,,,,,,,,,,,,,,,
,,,,,,,"4-6. Vitality Spa & Fitness: 스파, 피트니스 센터, 요가 및 웰니스 프로그램 운영",,,,,,"→ 슈렉, 마다가스카르 팽귄, 쿵푸팬더, 보스베이비, 드래곤 길들이기",,,,,,,,,,,,,,,
,,,,,,,"4-7. Pool & Sports Zone: 수영장, 워터슬라이드, 집라인, 미니골프 등 다양한 스포츠 시설",,,,,,"→ 꿀벌 대소동, 몬스터 vs 에일리언",,,,,,,,,,,,,,,
"총무게:225,282톤  /  길이 : 361.8 [m]  /  폭 :  65.5 [m]   / 층수 : 18층   /   객실수 : 2,808   /   탑승정원 : 6,680명   /   승무원 : 2,196명",,,,,,,,,,,,,,,,,,,,,,,,,,,,
,,,,,,,,,,,,,,,,,,,,,,,,,,,,
,,,,,,,,,,,,,,,,,,,,,,,,,,,,
오디세이 오브 더 시즈 (Odyssey of the Seas),,,,,,,특징 & 부대시설 및 프로그램,,,,,,,,,,,,,,,,,,,,,
,,,,,,,특징,Quantum Class,,,,,부대시설,,,,,실내 스카이다이빙,,VR 번지 트램폴린(Sky Pad®),,,,,,,,
,,,,,,,1. 2021년도 첫 출항,,,,,,"범버카(SeaPlex®) ,레이저태그등 다양한액티비티 제공",,,,,,,,,,,,,,,
,,,,,,,2. 같은 Quantum Class 내에서도 Quantum Ultra로 조금 더 수준높은 기술을 자랑함,,,,,,실내 스카이다이빙(RipCord® by iFLY®) 인공파도 서핑장,,,,,,,,,,,,,,,
,,,,,,,"3. 카리브해, 동부지중해를 주로 운항함 ",,,,,,유리암 전망대 / VR 번지 트램폴린 / 로큰롤 암벽등반장,,,,,,,,,,,,,,,
,,,,,,,4. 대서양 횡단 크루즈 : 유럽과 미국을 이동하는 특별항로를 운영 함,,,,,,리조트 스타일의 수영장과 자쿠지 / 성인전용 휴식공간(솔라리움 라운지),,,,,,,,,,,,,,,
,,,,,,,5. 내측 객실에도 실시간 외부 영상을 보여주는 스크린이 설치된 방 존재함(Virtual Balcony),,,,,,270도 파노라마 뷰와 로봇 스크린이 있는 멀티미디어 공연장 (Two70®),,,,,,,,,,,,,,,
,,,,,,,,,,,,,메인극장에서 브로드웨이 스타일의 쇼와 공연 진행,,,,,,,,,,,,,,,
,,,,,,,,,,,,,세계각국의 뷔페 스타일 국제요리 제공,,,,,,,,,,,,,,,
,,,,,,,,,,,,,간단한 스낵과 음료 제공 (Café Promenade),,,,,,,,,,,,,,,
,,,,,,,,,,,,,어린이 워터파크 보유 / 가족 참여형 프로그램 운영 ,,,,,,,,,,,,,,,
,,,,,,,,,,,,,연령대별 어린이 프로그램  및 청소년 전용 공간 제공,,,,,,,,,,,,,,,
,,,,,,,,,,,,,,,,,,,,,,,,,,,,
"총무게:167,704톤  /  길이 : 347.1 [m]  /  폭 :  49.4 [m]   / 층수 : 16층   /   객실수 : 2,105   /   탑승정원 : 5,510명   /   승무원 : 1,633명",,,,,,,,,,,,,,,,,,,,,,,,,,,,
,,,,,,,,,,,,,,,,,,,,,,,,,,,,
,,,,,,,,,,,,,,,,,,,,,,,,,,,,
스펙트럼 오브 더 시즈 (Spectrum of the Seas),,,,,,,특징 & 부대시설 및 프로그램,,,,,,,,,,,Spectrum of the Seas Experience,유튜브,,,,,,,,,
,,,,,,,특징,Quantum Class,,,,,부대시설,,,,,,,,,,,,,,,
,,,,,,,1. 2019년 첫 출항,,,,,,"범버카(SeaPlex®) ,레이저태그등 다양한액티비티 제공",,,,,,,,,,,,,,,
,,,,,,,"2. 아시아(싱가폴출발), 동북아(상하이출발)를 주로 운항함",,,,,,실내 스카이다이빙(RipCord® by iFLY®) 인공파도 서핑장,,,,,,,,,,,,,,,
,,,,,,,※ 스펙트럼은 중국인들을 위한 배로 (중국을 겨냥한 상품임),,,,,,유리암 전망대 / VR 번지 트램폴린 / 로큰롤 암벽등반장,,,,,,,,,,,,,,,
,,,,,,,3. 시드니 출발하는 특별항로를 운영 함,,,,,,리조트 스타일의 수영장과 자쿠지 / 성인전용 휴식공간(솔라리움 라운지),,,,,,,,,,,,,,,
,,,,,,,"4.최대 11명 수용 가능한 2층 구조의 가족 전용 스위트로, ",,,,,,270도 파노라마 뷰와 로봇 스크린이 있는 멀티미디어 공연장 (Two70®),,,,,,,,,,,,,,,
,,,,,,,"어린이용 슬라이드, 게임룸, 노래방 등 포함되어있음",,,,,,메인다이닝룸 / Windjammer Café(뷔페 스타일의 국제 요리 제공),,,,,,,,,,,,,,,
,,,,,,,5. 커넥팅룸 존재함.,,,,,,Café @ Two70( 간단한 스낵과 음료제공),,,,,,,,,,,,,,,
,,,,,,,※ 가족을 위한 테마 및 프로그램이 많음.,,,,,,Splashaway Café (어린이 친화적인 간식 음료 제공),,,,,,,,,,,,,,,
,,,,,,,,,,,,,The Dog House (다양한 종류 핫도그 제공) / Sorrento’s (정통피자 제공),,,,,,,,,,,,,,,
,,,,,,,,,,,,,연령별 맟춤 어린이프로그램(Adventure Ocean),,,,,,,,,,,,,,,
,,,,,,,,,,,,,"Splashaway Bay: 어린이를 위한 워터파크로, 워터 슬라이드, 워터캐논 등",,,,,,,,,,,,,,,
"총무게:169,379톤  /  길이 : 347.1 [m]  /  폭 :  41 [m]   / 층수 : 16층   /   객실수 : 2,137   /   탑승정원 : 5,622명   /   승무원 : 1,551명",,,,,,,,,,,,,,,,,,,,,,,,,,,,
,,,,,,,,,,,,,,,,,,,,,,,,,,,,
,,,,,,,,,,,,,,,,,,,,,,,,,,,,
퀀텀 오브 더 시즈 (Quantum of the Seas),,,,,,,특징 & 부대시설 및 프로그램,,,,,,,,,,,,,,,,,,,,,
,,,,,,,특징,Quantum Class,,,,,부대시설,,,,,Virtual Balcony 참고이미지,,,유리암전망대(north star) 최대 90m 까지 올라감,,,Two70 Bar,,,,
,,,,,,,1. 2014년 첫출항,,,,,,실내 스카이다이빙 / 유리 암 전망대 / 범버카 /롤러스케이팅 /농구코트,,,,,,,,,,,,,,,
,,,,,,,2. 호주 및 남태평양 / 알래스카(시애틀출발) / 아시아 (싱가폴 출발) 를 주로 운항함,,,,,,서커스학교 / 인공파도 서핑장 / 파노라마 뷰 라운지(Two70®),,,,,,,,,,,,,,,
,,,,,,,3. 내측 객실에도 실시간 외부 영상을 보여주는 스크린이 설치된 방 존재함(Virtual Balcony),,,,,,바이오닉 바(로봇 바텐더가 칵테일만들어줌,,,,,,,,,,,,,,,
,,,,,,,,,,,,,암벽등반장 / 레이져태그 & 이스케이프룸(방탈출게임) ,,,,,,,,,,,,,,,
,,,,,,,,,,,,,스파 및 최신식 피트니스센터,,,,,,,,,,,,,,,
,,,,,,,,,,,,,미국식 전통요리 / 아시아퓨전요리 / 고급유럽식요리 / 각종뷔페,,,,,,,,,,,,,,,
,,,,,,,,,,,,,연령별 맟춤 어린이프로그램(Adventure Ocean),,,,,,,,,,,,,,,
,,,,,,,,,,,,,청소년전용 라운지 및 활동공간(Teen Lounge),,,,,,,,,,,,,,,
,,,,,,,,,,,,,어린이 전용 워터파크(H2O Zone),,,,,,,,,,,,,,,
,,,,,,,,,,,,,,,,,,,,,,,,,,,,
,,,,,,,,,,,,,,,,,,,,,,,,,,,,
"총무게:168,666톤  /  길이 : 347.1 [m]  /  폭 :  41 [m]   / 층수 : 16층   /   객실수 : 2,090   /   탑승정원 : 4,905명   /   승무원 : 1,500명",,,,,,,,,,,,,,,,,,,,,,,,,,,,
,,,,,,,,,,,,,,,,,,,,,,,,,,,,
,,,,,,,,,,,,,,,,,,,,,,,,,,,,
앤썸 오브 더 시즈 (Anthem of the Seas),,,,,,,특징 & 부대시설 및 프로그램,,,,,,,,,,,,,,,,,,,,,
,,,,,,,특징,Quantum Class,,,,,부대시설,,,,,Anthem of the Seas Full Cruise Ship Tour,유튜브,,,,,,,,,
,,,,,,,1. 2015년 첫 출항,,,,,,실내 스카이다이빙 / 유리 암 전망대 / 범버카 /롤러스케이팅 /농구코트,,,,,,,,,,,,,,,
,,,,,,,2. 호주 및 뉴질랜드 / 남태평양(시드니출발) /아시아(싱가폴출발)를 주로 운항함,,,,,,인공파도 서핑장 / 파노라마 뷰 라운지(Two70®),,,,,,,,,,,,,,,
,,,,,,,3. 내측 객실에도 실시간 외부 영상을 보여주는 스크린이 설치된 방 존재함(Virtual Balcony),,,,,,풀 데크: 리조트 스타일의 수영장과 자쿠지 및 실외 암벽등반장,,,,,,,,,,,,,,,
,,,,,,,,,,,,,메인 다이닝룸 및 카페(Windjammer Café / Café Promenade),,,,,,,,,,,,,,,
,,,,,,,,,,,,,연령별 맟춤 어린이프로그램(Adventure Ocean),,,,,,,,,,,,,,,
,,,,,,,,,,,,,청소년전용 라운지 및 활동공간(Teen Lounge),,,,,,,,,,,,,,,
,,,,,,,,,,,,,어린이 전용 워터파크(Splashaway Bay),,,,,,,,,,,,,,,
,,,,,,,,,,,,,가족 전용 액티비티 (가족이 함께 참여할 수 있는 다양한 프로그램 운영),,,,,,,,,,,,,,,
,,,,,,,,,,,,,,,,,,,,,,,,,,,,
,,,,,,,,,,,,,,,,,,,,,,,,,,,,
,,,,,,,,,,,,,,,,,,,,,,,,,,,,
"총무게:168,666톤  /  길이 : 347.1 [m]  /  폭 :  42 [m]   / 층수 : 16층   /   객실수 : 2,090   /   탑승정원 : 4,905명   /   승무원 : 1,500명",,,,,,,,,,,,,,,,,,,,,,,,,,,,
,,,,,,,,,,,,,,,,,,,,,,,,,,,,
,,,,,,,,,,,,,,,,,,,,,,,,,,,,
오베이션 오브 더 시즈 (Ovation of the Seas),,,,,,,특징 & 부대시설 및 프로그램,,,,,,,,,,,,,,,,,,,,,
,,,,,,,특징,Quantum Class,,,,,부대시설,,,,,연련대별 어린이프로그램,,,,,,270º 파노라마뷰 라운지,,,,
,,,,,,,1. 2016년 첫 출항,,,,,,실내 스카이다이빙 / 유리 암 전망대 / 범버카 /롤러스케이팅 /농구코트,,,,,"Aquanauts (3–5세): 스토리 타임, 유아용 과학 실험, 창작 미술 활동 등",,,,,,,,,,
,,,,,,,2. 호주 및 뉴질랜드 / 남태평양(시드니출발) /아시아(싱가폴출발)를 주로 운항함,,,,,,인공파도 서핑장 / 파노라마 뷰 라운지(Two70®),,,,,"Explorers (6–8세): 실험실 놀이, 조리 수업, 단체 게임 등",,,,,,,,,,
,,,,,,,3. 내측 객실에도 실시간 외부 영상을 보여주는 스크린이 설치된 방 존재함(Virtual Balcony),,,,,,풀 데크: 리조트 스타일의 수영장과 자쿠지,,,,,"Voyagers (9–12세): 스포츠 토너먼트, 연극, 게임 나이트 등",,,,,,,,,,
,,,,,,,,,,,,,암벽등반장 / 레이져태그 & 이스케이프룸(방탈출게임) ,,,,,"특징: 전문 교육을 받은 직원들이 안전하게 관리하며, 일부 프로그램은 영어 기반이지만 비언어적 활동도 풍부",,,,,,,,,,
,,,,,,,,,,,,,스파 및 최신식 피트니스센터+트리트먼트제공,,,,,Teen Lounge (13-17세),,,,,,,,,,
,,,,,,,,,,,,,드론조명쇼/ The Beautiful Dream 뮤지컬 / 라스베이거스 스타일 카지노,,,,,청소년 전용 라운지와 디제잉 공간 운영,,,,,,,,,,
,,,,,,,,,,,,,연령별 맟춤 어린이프로그램(Adventure Ocean),,,,,"비디오 게임, 댄스파티, 인터랙티브 워크숍 (예: 영상 만들기, 그래피티 아트 등)",,,,,,,,,,
,,,,,,,,,,,,,청소년전용 라운지 및 활동공간(Teen Lounge),,,,,Baby Program (6~36개월),,,,,,,,,,
,,,,,,,,,,,,,어린이 전용 워터파크(H2O Zone) 수영장 인근 가족 휴식 공간 마련,,,,,"부모 동반 활동 / 장난감 대여, 음악 놀이, 그림책 읽기 / 제한된 인원 예약제로 운영되며, 일부 유료 서비스 제공",,,,,,,,,,
,,,,,,,,,,,,,,,,,,,,,,,,,,,,
,,,,,,,,,,,,,,,,,,,,,,,,,,,,
"총무게:168,666톤  /  길이 : 348 [m]  /  폭 :  48.9 [m]   / 층수 : 16층   /   객실수 : 2,090   /   탑승정원 : 4,905명   /   승무원 : 1,500명",,,,,,,,,,,,,,,,,,,,,,,,,,,,
,,,,,,,,,,,,,,,,,,,,,,,,,,,,
,,,,,,,,,,,,,,,,,,,,,,,,,,,,
프리덤 오브 더 시즈 (Freedom of the Seas),,,,,,,특징 & 부대시설 및 프로그램,,,,,,,,,,,,,,,,,,,,,
,,,,,,,특징,Freedom Class,,,,,부대시설,,,,,,,,,,,,,,,
,,,,,,,,,,,,,,,,,,,,,,,,,,,,
,,,,,,,,,,,,,,,,,,,,,,,,,,,,
,,,,,,,,,,,,,,,,,,,,,,,,,,,,
,,,,,,,,,,,,,,,,,,,,,,,,,,,,
,,,,,,,,,,,,,,,,,,,,,,,,,,,,
,,,,,,,,,,,,,,,,,,,,,,,,,,,,
,,,,,,,,,,,,,,,,,,,,,,,,,,,,
,,,,,,,,,,,,,,,,,,,,,,,,,,,,
,,,,,,,,,,,,,,,,,,,,,,,,,,,,
,,,,,,,,,,,,,,,,,,,,,,,,,,,,
,,,,,,,,,,,,,,,,,,,,,,,,,,,,
"총무게:156,271톤  /  길이 : 340.2 [m]  /  폭 :  39 [m]   / 층수 : 15층   /   객실수 : 1,964   /   탑승정원 : 4,636명   /   승무원 : 1,365명",,,,,,,,,,,,,,,,,,,,,,,,,,,,
,,,,,,,,,,,,,,,,,,,,,,,,,,,,
,,,,,,,,,,,,,,,,,,,,,,,,,,,,
인디펜던스 오브 더 시즈 (Independence of the Seas),,,,,,,특징 & 부대시설 및 프로그램,,,,,,,,,,,,,,,,,,,,,
,,,,,,,특징,Freedom Class,,,,,부대시설,,,,,,,,,,,,,,,
,,,,,,,,,,,,,,,,,,,,,,,,,,,,
,,,,,,,,,,,,,,,,,,,,,,,,,,,,
,,,,,,,,,,,,,,,,,,,,,,,,,,,,
,,,,,,,,,,,,,,,,,,,,,,,,,,,,
,,,,,,,,,,,,,,,,,,,,,,,,,,,,
,,,,,,,,,,,,,,,,,,,,,,,,,,,,
,,,,,,,,,,,,,,,,,,,,,,,,,,,,
,,,,,,,,,,,,,,,,,,,,,,,,,,,,
,,,,,,,,,,,,,,,,,,,,,,,,,,,,
,,,,,,,,,,,,,,,,,,,,,,,,,,,,
,,,,,,,,,,,,,,,,,,,,,,,,,,,,
"총무게:154,407톤  /  길이 : 340.2 [m]  /  폭 :  56 [m]   / 층수 : 15층   /   객실수 : 1,929  /   탑승정원 : 4,560명   /   승무원 : 1,440명",,,,,,,,,,,,,,,,,,,,,,,,,,,,
,,,,,,,,,,,,,,,,,,,,,,,,,,,,
,,,,,,,,,,,,,,,,,,,,,,,,,,,,
리버티 오브 더 시즈 (Liberty of the Seas),,,,,,,특징 & 부대시설 및 프로그램,,,,,,,,,,,,,,,,,,,,,
,,,,,,,특징,Freedom Class,,,,,부대시설,,,,,,,,,,,,,,,
,,,,,,,,,,,,,,,,,,,,,,,,,,,,
,,,,,,,,,,,,,,,,,,,,,,,,,,,,
,,,,,,,,,,,,,,,,,,,,,,,,,,,,
,,,,,,,,,,,,,,,,,,,,,,,,,,,,
,,,,,,,,,,,,,,,,,,,,,,,,,,,,
,,,,,,,,,,,,,,,,,,,,,,,,,,,,
,,,,,,,,,,,,,,,,,,,,,,,,,,,,
,,,,,,,,,,,,,,,,,,,,,,,,,,,,
,,,,,,,,,,,,,,,,,,,,,,,,,,,,
,,,,,,,,,,,,,,,,,,,,,,,,,,,,
,,,,,,,,,,,,,,,,,,,,,,,,,,,,
"총무게:154,407톤  /  길이 : 340.2 [m]  /  폭 :  56.3 [m]   / 층수 : 15층   /   객실수 : 1,839  /   탑승정원 : 4,960명   /   승무원 : 1,360명",,,,,,,,,,,,,,,,,,,,,,,,,,,,
,,,,,,,,,,,,,,,,,,,,,,,,,,,,
,,,,,,,,,,,,,,,,,,,,,,,,,,,,
네비게이터 오브 더 시즈 (Navigator of the Seas),,,,,,,특징 & 부대시설 및 프로그램,,,,,,,,,,,,,,,,,,,,,
,,,,,,,특징,Voyager Class,,,,,부대시설,,,,,,,,,,,,,,,
,,,,,,,,,,,,,,,,,,,,,,,,,,,,
,,,,,,,,,,,,,,,,,,,,,,,,,,,,
,,,,,,,,,,,,,,,,,,,,,,,,,,,,
,,,,,,,,,,,,,,,,,,,,,,,,,,,,
,,,,,,,,,,,,,,,,,,,,,,,,,,,,
,,,,,,,,,,,,,,,,,,,,,,,,,,,,
,,,,,,,,,,,,,,,,,,,,,,,,,,,,
,,,,,,,,,,,,,,,,,,,,,,,,,,,,
,,,,,,,,,,,,,,,,,,,,,,,,,,,,
,,,,,,,,,,,,,,,,,,,,,,,,,,,,
,,,,,,,,,,,,,,,,,,,,,,,,,,,,
"총무게:139,999톤  /  길이 : 317 [m]  /  폭 :  48 [m]   / 층수 : 14층   /   객실수 : 1,694  /   탑승정원 : 3,970명   /   승무원 : 1,230명",,,,,,,,,,,,,,,,,,,,,,,,,,,,
,,,,,,,,,,,,,,,,,,,,,,,,,,,,
,,,,,,,,,,,,,,,,,,,,,,,,,,,,
마리너 오브 더 시즈 (Mariner of the Seas),,,,,,,특징 & 부대시설 및 프로그램,,,,,,,,,,,,,,,,,,,,,
,,,,,,,특징,Voyager Class,,,,,부대시설,,,,,,,,,,,,,,,
,,,,,,,,,,,,,,,,,,,,,,,,,,,,
,,,,,,,,,,,,,,,,,,,,,,,,,,,,
,,,,,,,,,,,,,,,,,,,,,,,,,,,,
,,,,,,,,,,,,,,,,,,,,,,,,,,,,
,,,,,,,,,,,,,,,,,,,,,,,,,,,,
,,,,,,,,,,,,,,,,,,,,,,,,,,,,
,,,,,,,,,,,,,,,,,,,,,,,,,,,,
,,,,,,,,,,,,,,,,,,,,,,,,,,,,
,,,,,,,,,,,,,,,,,,,,,,,,,,,,
,,,,,,,,,,,,,,,,,,,,,,,,,,,,
,,,,,,,,,,,,,,,,,,,,,,,,,,,,
"총무게:139,863톤  /  길이 : 317 [m]  /  폭 :  48 [m]   / 층수 : 14층   /   객실수 : 1,674  /   탑승정원 : 4,000명   /   승무원 : 1,200명",,,,,,,,,,,,,,,,,,,,,,,,,,,,
,,,,,,,,,,,,,,,,,,,,,,,,,,,,
,,,,,,,,,,,,,,,,,,,,,,,,,,,,
익스플로러 오브 더 시즈 (Explorer of the Seas),,,,,,,특징 & 부대시설 및 프로그램,,,,,,,,,,,,,,,,,,,,,
,,,,,,,특징,Voyager Class,,,,,부대시설,,,,,,,,,,,,,,,
,,,,,,,,,,,,,,,,,,,,,,,,,,,,
,,,,,,,,,,,,,,,,,,,,,,,,,,,,
,,,,,,,,,,,,,,,,,,,,,,,,,,,,
,,,,,,,,,,,,,,,,,,,,,,,,,,,,
,,,,,,,,,,,,,,,,,,,,,,,,,,,,
,,,,,,,,,,,,,,,,,,,,,,,,,,,,
,,,,,,,,,,,,,,,,,,,,,,,,,,,,
,,,,,,,,,,,,,,,,,,,,,,,,,,,,
,,,,,,,,,,,,,,,,,,,,,,,,,,,,
,,,,,,,,,,,,,,,,,,,,,,,,,,,,
,,,,,,,,,,,,,,,,,,,,,,,,,,,,
"총무게:137,308톤  /  길이 : 317 [m]  /  폭 :  49.1 [m]   / 층수 : 14층   /   객실수 : 1,643  /   탑승정원 : 4,290명   /   승무원 : 1,185명",,,,,,,,,,,,,,,,,,,,,,,,,,,,
,,,,,,,,,,,,,,,,,,,,,,,,,,,,
,,,,,,,,,,,,,,,,,,,,,,,,,,,,
어드벤처 오브 더 시즈 (Adventure of the Seas),,,,,,,특징 & 부대시설 및 프로그램,,,,,,,,,,,,,,,,,,,,,
,,,,,,,특징,Voyager Class,,,,,부대시설,,,,,,,,,,,,,,,
,,,,,,,,,,,,,,,,,,,,,,,,,,,,
,,,,,,,,,,,,,,,,,,,,,,,,,,,,
,,,,,,,,,,,,,,,,,,,,,,,,,,,,
,,,,,,,,,,,,,,,,,,,,,,,,,,,,
,,,,,,,,,,,,,,,,,,,,,,,,,,,,
,,,,,,,,,,,,,,,,,,,,,,,,,,,,
,,,,,,,,,,,,,,,,,,,,,,,,,,,,
,,,,,,,,,,,,,,,,,,,,,,,,,,,,
,,,,,,,,,,,,,,,,,,,,,,,,,,,,
,,,,,,,,,,,,,,,,,,,,,,,,,,,,
,,,,,,,,,,,,,,,,,,,,,,,,,,,,
"총무게:137,276톤  /  길이 : 317 [m]  /  폭 :  47.8 [m]   / 층수 : 14층   /   객실수 : 1,691  /   탑승정원 : 3,807명   /   승무원 : 1,185명",,,,,,,,,,,,,,,,,,,,,,,,,,,,
,,,,,,,,,,,,,,,,,,,,,,,,,,,,
,,,,,,,,,,,,,,,,,,,,,,,,,,,,
보이저 오브 더 시즈 (Voyager of the Seas),,,,,,,특징 & 부대시설 및 프로그램,,,,,,,,,,,내가 찾아보고 조사했을때 보이저호는 13만톤으로 알고있으나 W 사의 로얄 공식 선사에서 공유받은자료에는 17만톤으로 되어있다 어떤것이 진짜일까..?,,,,,,,,,,
,,,,,,,특징,Voyager Class,,,,,부대시설,,,,,,,,,,,,,,,
,,,,,,,,,,,,,,,,,,,,,,,,,,,,
,,,,,,,,,,,,,,,,,,,,,,,,,,,,
,,,,,,,,,,,,,,,,,,,,,,,,,,,,
,,,,,,,,,,,,,,,,,,,,,,,,,,,,
,,,,,,,,,,,,,,,,,,,,,,,,,,,,
,,,,,,,,,,,,,,,,,,,,,,,,,,,,
,,,,,,,,,,,,,,,,,,,,,,,,,,,,
,,,,,,,,,,,,,,,,,,,,,,,,,,,,
,,,,,,,,,,,,,,,,,,,,,,,,,,,,
,,,,,,,,,,,,,,,,,,,,,,,,,,,,
,,,,,,,,,,,,,,,,,,,,,,,,,,,,
"총무게:137,276톤  /  길이 : 317 [m]  /  폭 :  48 [m]   / 층수 : 14층   /   객실수 : 1,708  /   탑승정원 : 4,000명   /   승무원 : 1,200명",,,,,,,,,,,,,,,,,,,,,,,,,,,,
,,,,,,,,,,,,,,,,,,,,,,,,,,,,
,,,,,,,,,,,,,,,,,,,,,,,,,,,,
브릴리앙스 오브 더 시즈 (Brilliance of the Seas),,,,,,,특징 & 부대시설 및 프로그램,,,,,,,,,,,,,,,,,,,,,
,,,,,,,특징,Radiance Class,,,,,부대시설,,,,,,,,,,,,,,,
,,,,,,,1. 2002년 첫 출항,,,,,,13층 높이 암벽등반장 / 9홀의 해양전망 퍼팅가능한  미니골프 코스,,,,,,,,,,,,,,,
,,,,,,,"2. 지중해,카리브해,뉴잉글랜드 및 캐나다에서 주로 운항함",,,,,,아프리카 테마의 성인전용 풀장(Solarium) 온수 풀 & 선베드,,,,,,,,,,,,,,,
,,,,,,,"3. 전체 객실의 약 75%가 바다뷰, 그중에 절반이상이 발코니 보유",,,,,,스파 및 피트니스 센터(Vitality Spa & Fitness Center),,,,,,,,,,,,,,,
,,,,,,,,,,,,,밤하늘아래 야외 대형 스크린 영화관 감상,,,,,,,,,,,,,,,
,,,,,,,,,,,,,실내수영장 및 라이브 음악 공간제공,,,,,,,,,,,,,,,
,,,,,,,,,,,,,브로드웨이 스타일 쇼 (Pacifica Theater),,,,,,,,,,,,,,,
,,,,,,,,,,,,,중앙 아트리움 공연 및 이벤트 (Centrum),,,,,,,,,,,,,,,
,,,,,,,,,,,,,"다양한 바 & 라운지 (R Bar, Schooner Bar, Vintages)",,,,,,,,,,,,,,,
,,,,,,,,,,,,,메인 다이닝룸 및 카페(Windjammer Café / Park Café),,,,,,,,,,,,,,,
,,,,,,,,,,,,,연령별 맟춤 어린이프로그램 / 청소년 전용 공간 /,,,,,,,,,,,,,,,
,,,,,,,,,,,,,워터슬라이드 포함 키즈풀 / 영유아 보육서비스,,,,,,,,,,,,,,,
"총무게:90,090톤  /  길이 : 292.8 [m]  /  폭 :  32.2 [m]   / 층수 : 13층   /   객실수 : 1,075  /   탑승정원 : 2,543명   /   승무원 : 848명",,,,,,,,,,,,,,,,,,,,,,,,,,,,
,,,,,,,,,,,,,,,,,,,,,,,,,,,,
,,,,,,,,,,,,,,,,,,,,,,,,,,,,
쥬얼 오브 더 시즈 (Jewel of the Seas),,,,,,,특징 & 부대시설 및 프로그램,,,,,,,,,,,,,,,,,,,,,
,,,,,,,특징,Radiance Class,,,,,부대시설,,,,,,,,,,,,,,,
,,,,,,,,,,,,,,,,,,,,,,,,,,,,
,,,,,,,,,,,,,,,,,,,,,,,,,,,,
,,,,,,,,,,,,,,,,,,,,,,,,,,,,
,,,,,,,,,,,,,,,,,,,,,,,,,,,,
,,,,,,,,,,,,,,,,,,,,,,,,,,,,
,,,,,,,,,,,,,,,,,,,,,,,,,,,,
,,,,,,,,,,,,,,,,,,,,,,,,,,,,
,,,,,,,,,,,,,,,,,,,,,,,,,,,,
,,,,,,,,,,,,,,,,,,,,,,,,,,,,
,,,,,,,,,,,,,,,,,,,,,,,,,,,,
,,,,,,,,,,,,,,,,,,,,,,,,,,,,
"총무게:90,090톤  /  길이 : 294.8 [m]  /  폭 :  32.3 [m]   / 층수 : 13층   /   객실수 : 1,072  /   탑승정원 : 2,702명   /   승무원 : 852명",,,,,,,,,,,,,,,,,,,,,,,,,,,,
,,,,,,,,,,,,,,,,,,,,,,,,,,,,
,,,,,,,,,,,,,,,,,,,,,,,,,,,,
레디언스 오브 더 시즈 (Radiance of the Seas),,,,,,,특징 & 부대시설 및 프로그램,,,,,,,,,,,,,,,,,,,,,
,,,,,,,특징,Radiance Class,,,,,부대시설,,,,,,,,,,,,,,,
,,,,,,,,,,,,,,,,,,,,,,,,,,,,
,,,,,,,,,,,,,,,,,,,,,,,,,,,,
,,,,,,,,,,,,,,,,,,,,,,,,,,,,
,,,,,,,,,,,,,,,,,,,,,,,,,,,,
,,,,,,,,,,,,,,,,,,,,,,,,,,,,
,,,,,,,,,,,,,,,,,,,,,,,,,,,,
,,,,,,,,,,,,,,,,,,,,,,,,,,,,
,,,,,,,,,,,,,,,,,,,,,,,,,,,,
,,,,,,,,,,,,,,,,,,,,,,,,,,,,
,,,,,,,,,,,,,,,,,,,,,,,,,,,,
,,,,,,,,,,,,,,,,,,,,,,,,,,,,
"총무게:90,090톤  /  길이 : 294.8 [m]  /  폭 :  32.2 [m]   / 층수 : 13층   /   객실수 : 1,071  /   탑승정원 : 2,466명   /   승무원 : 894명",,,,,,,,,,,,,,,,,,,,,,,,,,,,
,,,,,,,,,,,,,,,,,,,,,,,,,,,,
,,,,,,,,,,,,,,,,,,,,,,,,,,,,
세레나데 오브 더 시즈 (Serenade of the Seas),,,,,,,특징 & 부대시설 및 프로그램,,,,,,,,,,,,,,,,,,,,,
,,,,,,,특징,Radiance Class,,,,,부대시설,,,,,,,,,,,,,,,
,,,,,,,,,,,,,,,,,,,,,,,,,,,,
,,,,,,,,,,,,,,,,,,,,,,,,,,,,
,,,,,,,,,,,,,,,,,,,,,,,,,,,,
,,,,,,,,,,,,,,,,,,,,,,,,,,,,
,,,,,,,,,,,,,,,,,,,,,,,,,,,,
,,,,,,,,,,,,,,,,,,,,,,,,,,,,
,,,,,,,,,,,,,,,,,,,,,,,,,,,,
,,,,,,,,,,,,,,,,,,,,,,,,,,,,
,,,,,,,,,,,,,,,,,,,,,,,,,,,,
,,,,,,,,,,,,,,,,,,,,,,,,,,,,
,,,,,,,,,,,,,,,,,,,,,,,,,,,,
"총무게:90,090톤  /  길이 : 294.8 [m]  /  폭 :  32.3 [m]   / 층수 : 13층   /   객실수 : 1,074  /   탑승정원 : 2,476명   /   승무원 : 832명",,,,,,,,,,,,,,,,,,,,,,,,,,,,
,,,,,,,,,,,,,,,,,,,,,,,,,,,,
,,,,,,,,,,,,,,,,,,,,,,,,,,,,
인챈트먼트 오브 더 시즈 (Enchantment of the Seas),,,,,,,특징 & 부대시설 및 프로그램,,,,,,,,,,,,,,,,,,,,,
,,,,,,,특징,Vision Class,,,,,부대시설,,,,,,,,,,,,,,,
,,,,,,,,,,,,,,,,,,,,,,,,,,,,
,,,,,,,,,,,,,,,,,,,,,,,,,,,,
,,,,,,,,,,,,,,,,,,,,,,,,,,,,
,,,,,,,,,,,,,,,,,,,,,,,,,,,,
,,,,,,,,,,,,,,,,,,,,,,,,,,,,
,,,,,,,,,,,,,,,,,,,,,,,,,,,,
,,,,,,,,,,,,,,,,,,,,,,,,,,,,
,,,,,,,,,,,,,,,,,,,,,,,,,,,,
,,,,,,,,,,,,,,,,,,,,,,,,,,,,
,,,,,,,,,,,,,,,,,,,,,,,,,,,,
,,,,,,,,,,,,,,,,,,,,,,,,,,,,
"총무게:82,910톤  /  길이 : 301.8 [m]  /  폭 :  32.2 [m]   / 층수 : 12층   /   객실수 : 1,145  /   탑승정원 : 2,730명   /   승무원 : 852명",,,,,,,,,,,,,,,,,,,,,,,,,,,,
,,,,,,,,,,,,,,,,,,,,,,,,,,,,
,,,,,,,,,,,,,,,,,,,,,,,,,,,,
랩소디 오브 더 시즈 (Rhapsody of the Seas),,,,,,,특징 & 부대시설 및 프로그램,,,,,,,,,,,,,,,,,,,,,
,,,,,,,특징,Vision Class,,,,,부대시설,,,,,,,,,,,,,,,
,,,,,,,,,,,,,,,,,,,,,,,,,,,,
,,,,,,,,,,,,,,,,,,,,,,,,,,,,
,,,,,,,,,,,,,,,,,,,,,,,,,,,,
,,,,,,,,,,,,,,,,,,,,,,,,,,,,
,,,,,,,,,,,,,,,,,,,,,,,,,,,,
,,,,,,,,,,,,,,,,,,,,,,,,,,,,
,,,,,,,,,,,,,,,,,,,,,,,,,,,,
,,,,,,,,,,,,,,,,,,,,,,,,,,,,
,,,,,,,,,,,,,,,,,,,,,,,,,,,,
,,,,,,,,,,,,,,,,,,,,,,,,,,,,
,,,,,,,,,,,,,,,,,,,,,,,,,,,,
"총무게:78,491톤  /  길이 : 279.1 [m]  /  폭 :  32.2 [m]   / 층수 : 11층   /   객실수 : 1,020  /   탑승정원 : 2,416명   /   승무원 : 765명",,,,,,,,,,,,,,,,,,,,,,,,,,,,
,,,,,,,,,,,,,,,,,,,,,,,,,,,,
,,,,,,,,,,,,,,,,,,,,,,,,,,,,
비전 오브 더 시즈 (Vision of the Seas),,,,,,,특징 & 부대시설 및 프로그램,,,,,,,,,,,,,,,,,,,,,
,,,,,,,특징,Vision Class,,,,,부대시설,,,,,,,,,,,,,,,
,,,,,,,,,,,,,,,,,,,,,,,,,,,,
,,,,,,,,,,,,,,,,,,,,,,,,,,,,
,,,,,,,,,,,,,,,,,,,,,,,,,,,,
,,,,,,,,,,,,,,,,,,,,,,,,,,,,
,,,,,,,,,,,,,,,,,,,,,,,,,,,,
,,,,,,,,,,,,,,,,,,,,,,,,,,,,
,,,,,,,,,,,,,,,,,,,,,,,,,,,,
,,,,,,,,,,,,,,,,,,,,,,,,,,,,
,,,,,,,,,,,,,,,,,,,,,,,,,,,,
,,,,,,,,,,,,,,,,,,,,,,,,,,,,
,,,,,,,,,,,,,,,,,,,,,,,,,,,,
"총무게:78,340톤  /  길이 : 279.1 [m]  /  폭 :  32.3 [m]   / 층수 : 11층   /   객실수 : 1,018  /   탑승정원 : 2,514명   /   승무원 : 742명",,,,,,,,,,,,,,,,,,,,,,,,,,,,
,,,,,,,,,,,,,,,,,,,,,,,,,,,,
,,,,,,,,,,,,,,,,,,,,,,,,,,,,
그란데우르 오브 더 시즈 (Grandeur of the Seas),,,,,,,특징 & 부대시설 및 프로그램,,,,,,,,,,,,,,,,,,,,,
,,,,,,,특징,Vision Class,,,,,부대시설,,,,,,,,,,,,,,,
,,,,,,,,,,,,,,,,,,,,,,,,,,,,
,,,,,,,,,,,,,,,,,,,,,,,,,,,,
,,,,,,,,,,,,,,,,,,,,,,,,,,,,
,,,,,,,,,,,,,,,,,,,,,,,,,,,,
,,,,,,,,,,,,,,,,,,,,,,,,,,,,
,,,,,,,,,,,,,,,,,,,,,,,,,,,,
,,,,,,,,,,,,,,,,,,,,,,,,,,,,
,,,,,,,,,,,,,,,,,,,,,,,,,,,,
,,,,,,,,,,,,,,,,,,,,,,,,,,,,
,,,,,,,,,,,,,,,,,,,,,,,,,,,,
,,,,,,,,,,,,,,,,,,,,,,,,,,,,
"총무게:73,817톤  /  길이 : 279.1 [m]  /  폭 :  32.2 [m]   / 층수 : 11층   /   객실수 : 997  /   탑승정원 : 2,400명   /   승무원 : 765명",,,,,,,,,,,,,,,,,,,,,,,,,,,,
,,,,,,,,,,,,,,,,,,,,,,,,,,,,
,,,,,,,,,,,,,,,,,,,,,,,,,,,,
엠에스씨 (MSC Cruises),,,,,,,,,,,,,,,,,,,,,,,,,,,,
MSC 크루즈 공통 적용 시스템,,,https://blog.polytrips.com/ko/msc-%ED%81%AC%EB%A3%A8%EC%A6%88-%EB%B2%A8%EB%9D%BC-%ED%8C%90%ED%83%80%EC%8A%A4%ED%8B%B0%EC%B9%B4-%EC%95%84%EC%9A%B0%EB%A0%88%EC%95%84-3%EA%B0%80%EC%A7%80-%EC%84%9C%EB%B9%84%EC%8A%A4%EC%9D%98/?utm_source=chatgpt.com,객실등급 참고,,https://www.youtube.com/watch?v=ncZOuCQ4AK8&list=TLGGagNQ3XGWYlYxODA3MjAyNQ&t=2s,요트클럽 유튜브영상,,https://issuu.com/msc-cruises,MSC 데이이터시트 PDF,,,,,,,,,,,,,,,,,,
25년 4월 16일 기준 아기의 크루즈 승선에 관한 규정 변경됨.,,,,,,,,,,,,,,,,,,,,,,,,,,,,
기존 : 승선일 기준 생후 1살이 된 아기는 11박 미만 일정의 크루즈인 경우 승선가능,,,,,,,,,,,,,,,,,,,,,,,,,,,,
변경: 승선일 기준 생후 2살이 된 아기는 11박 미만 일정의 크루즈인 경우 승선가능(24개월 미만은 탑승불가),,,,,,,,,,,,,,,,,,,,,,,,,,,,
,,,,,,,,,,,,,,,,,,,,,,,,,,,,
,,,,,,,,,,,,,,,,,,,,,,,,,,,,
,,,,,,,,,,,,,,,,,,,,,,,,,,,,
,,,,,,,,,,,,,,,,,,,,,,,,,,,,
,,,,,,,,,,,,,,,,,,,,,,,,,,,,
,,,,,,,,,,,,,,,,,,,,,,,,,,,,
MSC 월드 아메리카 (MSC World America),,,,,,,특징 & 부대시설 및 프로그램,,,,,,,,,,,,,,,,,,,,,
,,,,,,,,,,,,,,,,,,,,,,,,,,,,
,,,,,,,,,,,,,,,,,,,,,,,,,,,,
,,,,,,,,,,,,,,,,,,,,,,,,,,,,
,,,,,,,,,,,,,,,,,,,,,,,,,,,,
,,,,,,,,,,,,,,,,,,,,,,,,,,,,
,,,,,,,,,,,,,,,,,,,,,,,,,,,,
,,,,,,,,,,,,,,,,,,,,,,,,,,,,
,,,,,,,,,,,,,,,,,,,,,,,,,,,,
,,,,,,,,,,,,,,,,,,,,,,,,,,,,
,,,,,,,,,,,,,,,,,,,,,,,,,,,,
,,,,,,,,,,,,,,,,,,,,,,,,,,,,
,,,,,,,,,,,,,,,,,,,,,,,,,,,,
"총무게:215,863톤  /  길이 : 333 [m]  /  폭 :  47.2 [m]   / 층수 : 22층   /   객실수 : 2,614  /   탑승정원 : 6,762명   /   승무원 : 2,138명",,,,,,,,,,,,,,,,,,,,,,,,,,,,
,,,,,,,,,,,,,,,,,,,,,,,,,,,,
,,,,,,,,,,,,,,,,,,,,,,,,,,,,
MSC 월드 유로파 (MSC World Europa),,,,,,,특징 & 부대시설 및 프로그램,,,,,,,,,,,,,,,,,,,,,
,,,,,,,,,,,,,,,,,,,,,,,,,,,,
,,,,,,,,,,,,,,,,,,,,,,,,,,,,
,,,,,,,,,,,,,,,,,,,,,,,,,,,,
,,,,,,,,,,,,,,,,,,,,,,,,,,,,
,,,,,,,,,,,,,,,,,,,,,,,,,,,,
,,,,,,,,,,,,,,,,,,,,,,,,,,,,
,,,,,,,,,,,,,,,,,,,,,,,,,,,,
,,,,,,,,,,,,,,,,,,,,,,,,,,,,
,,,,,,,,,,,,,,,,,,,,,,,,,,,,
,,,,,,,,,,,,,,,,,,,,,,,,,,,,
,,,,,,,,,,,,,,,,,,,,,,,,,,,,
,,,,,,,,,,,,,,,,,,,,,,,,,,,,
"총무게:215,863톤  /  길이 : 333 [m]  /  폭 :  47 [m]   / 층수 : 22 층   /   객실수 : 2,633  /   탑승정원 : 6,774명   /   승무원 : 2,138명",,,,,,,,,,,,,,,,,,,,,,,,,,,,
,,,,,,,,,,,,,,,,,,,,,,,,,,,,
,,,,,,,,,,,,,,,,,,,,,,,,,,,,
MSC 월드 아시아 (MSC World Asia),,,,,,,특징 & 부대시설 및 프로그램,,,,,,,,,,,,,,,,,,,,,
,,,,,,,,,,,,,,,,,,,,,,,,,,,,
,,,,,,,,,,,,,,,,,,,,,,,,,,,,
,,,,,,,,,,,,,,,,,,,,,,,,,,,,
,,,,,,,,,,,,,,,,,,,,,,,,,,,,
,,,,,,,,,,,,,,,,,,,,,,,,,,,,
,,,,,,,,,,,,,,,,,,,,,,,,,,,,
,,,,,,,,,,,,,,,,,,,,,,,,,,,,
,,,,,,,,,,,,,,,,,,,,,,,,,,,,
,,,,,,,,,,,,,,,,,,,,,,,,,,,,
,,,,,,,,,,,,,,,,,,,,,,,,,,,,
,,,,,,,,,,,,,,,,,,,,,,,,,,,,
,,,,,,,,,,,,,,,,,,,,,,,,,,,,
"총무게:215,863톤  /  길이 : 333 [m]  /  폭 :  47 [m]   / 층수 : 22 층   /   객실수 : 2,633  /   탑승정원 : 6,774명   /   승무원 : 2,138명",,,,,,,,,,,,,,,,,,,,,,,,,,,,
,,,,,,,,,,,,,,,,,,,,,,,,,,,,
,,,,,,,,,,,,,,,,,,,,,,,,,,,,
MSC 유리비아 (MSC Euribia),,,,,,,특징 & 부대시설 및 프로그램,,,,,,,,,,,,,,,,,,,,,
,,,,,,,특징,,,,,,부대시설,,,,,https://www.youtube.com/watch?v=fx4Ugg2nJyk&t=208s,유튜브,,,,,,,,,
,,,,,,,1. 2023년 첫 출항,,,,,,아쿠아파크(여러종류의 워터슬라이드와 물놀이시설이있는 대형워터파크),,,,,https://www.youtube.com/watch?v=8rxoZyFQmfU&t=35s,유튜브,아쿠아 파크,,SIPS와 협업한 팝업 칵테일 바,,,헬리오스 와인 바,,,
,,,,,,,2. MSC 월드 유로파에 이어서 액화천연가스(LNG)로 구동되는 친환경 두 번째 선박임,,,,,,농구 풋살등 실내 체육관 및 피트니스 센터 운영 및 볼링장 있음,,,,,,,,,,,,,,,
,,,,,,,"3. 북유럽, 서유럽, 지중해를 주로 운항 함.",,,,,,세계 최고의 바 중 하나인 SIPS와 협업한 팝업 칵테일 바,,,,,,,,,,,,,,,
,,,,,,,4. 패밀리캐빈 : 최대 10명까지 수용가능한 연결형 객실보유,,,,,,와인 테스팅을 즐길 수 있는 공간(헬리오스 와인 바),,,,,,,,,,,,,,,
,,,,,,,5. 싱글크튜디오: 혼자 여행하는 승객을 위한 전용 객실 존재,,,,,,브로드웨이 스타일 극장 / VR 가상현실 게임존,,,,,,,,,,,,,,,
,,,,,,,6. 약 510평 규모의 메인풀 포함 총 5개의 수영장이 존재,,,,,,어린이를 위한 과학 실험 및 창의력 개발 프로그램 (Doremi Lab),,,,,,,,,,,,,,,
,,,,,,,"7. 2층 구조의 실내거리로, 상점,레스토랑 바 등이 존재함",,,,,,어린이 전용 댄스 및 음악 활동 공간 (Doremi Studio),,,,,,,,,,,,,,,
,,,,,,,※ 가족을 위한 테마 및 프로그램이 많음.,,,,,,"청소년 전용 라운지 (게임, 영화 감상 등 다양한 활동을 즐길 수 있는 공간)",,,,,,,VR 가상현실 게임존,,베이비클럽,,,청소년 라운지,,,
,,,,,,,,,,,,,베이비 클럽 (만 3세 이하 유아를 위한 전문 보육 서비스),,,,,,,,,,,,,,,
,,,,,,,,,,,,,가족 전용 액티비티 (가족이 함께 참여할 수 있는 다양한 프로그램 운영),,,,,,,,,,,,,,,
,,,,,,,,,,,,,→ 드론아카데미2.0/ 댄스크루 / 시티주니어 마스터쉐프 : 아이 요리대회,,,,,,,,,,,,,,,
"총무게:184,011톤  /  길이 : 331 [m]  /  폭 :  43 [m]   / 층수 : 18 층   /   객실수 : 2,419  /   탑승정원 : 6,327명   /   승무원 : 1,711명",,,,,,,,,,,,,,,,,,,,,,,,,,,,
,,,,,,,,,,,,,,,,,,,,,,,,,,,,
,,,,,,,,,,,,,,,,,,,,,,,,,,,,
MSC 비르투오사 (MSC Virtuosa),,,,,,,특징 & 부대시설 및 프로그램,,,,,,,,,,,,,,,,,,,,,
,,,,,,,,,,,,,,,,,,MSC Cruises | MSC Virtuosa FULL Ship Tour 2023,유튜브,,,,,,,,,
,,,,,,,,,,,,,,,,,,MSC Virtuosa Cruise Ship Review | Would We Go Back?,유튜브,,,,,,,,,
,,,,,,,,,,,,,,,,,,,,,,,,,,,,
,,,,,,,,,,,,,,,,,,,,,,,,,,,,
,,,,,,,,,,,,,,,,,,,,,,,,,,,,
,,,,,,,,,,,,,,,,,,,,,,,,,,,,
,,,,,,,,,,,,,,,,,,,,,,,,,,,,
,,,,,,,,,,,,,,,,,,,,,,,,,,,,
,,,,,,,,,,,,,,,,,,,,,,,,,,,,
,,,,,,,,,,,,,,,,,,,,,,,,,,,,
,,,,,,,,,,,,,,,,,,,,,,,,,,,,
,,,,,,,,,,,,,,,,,,,,,,,,,,,,
"총무게:181,541톤  /  길이 : 331 [m]  /  폭 :  43 [m]   / 층수 : 18 층   /   객실수 : 2,421  /   탑승정원 : 6,334명   /   승무원 : 1,704명",,,,,,,,,,,,,,,,,,,,,,,,,,,,
,,,,,,,,,,,,,,,,,,,,,,,,,,,,
,,,,,,,,,,,,,,,,,,,,,,,,,,,,
MSC 그란디오사 (MSC Grandiosa),,,,,,,특징 & 부대시설 및 프로그램,,,,,,,,,,,https://www.msccruises.ie/ships/msc-grandiosa?utm_source=chatgpt.com,MCS 본사 싸이트(그란디오사 크루즈 360º 어라운드뷰 볼수있는 링크),,,,,,,,,
,,,,,,,특징,,,,,,부대시설,,,,,MSC’s Hall of Games & Formula 1 Simulator, MSC Formula Racer 유튜브,,,,,,,,,
,,,,,,,1. 2019년 첫 출항 (20년도 코로나로 인한 2년간 사용X = 새것 수준.),,,,,,3개의 워트슬라이드와 해상워터파크존재함(Polar Aquapark),,,,,높은곳에서의 어드벤처 코스,,,,,,,,,,
,,,,,,,"2. Meraviglia-Plus 클래스의 첫 번째 선박으로, 93m 길이의 LED 돔을 보유하고있음",,,,,,"볼링장, 농구,축구,풋살등 스포츠를 즐길수있는 실내체육관 존재(Sportsplex)",,,,,,,,,,,,,,,
,,,,,,,"3. 북유럽, 카리브해 , 지중해, 남미 크루즈 를 주로 운항 함.",,,,,,실제 F1 경주 포뮬러 원 레이싱체험(MSC Formula Racer),,,,,,,,,,,,,,,
,,,,,,,4. MSC Yacht Club 서비스 제공 ,,,,,,움직이는 좌석과 특수효과를 활용한 몰입형 영화관(4D Cinema),,,,,,,,연령별 키즈클럽 운영,,,,,,,
,,,,,,,"→ '선내의 선박' 컨셉의 럭셔리 공간, 전용 식당, 라운지, 수영장, 24시간 버틀러 서비스 제공",,,,,,최신 피트니스 기기와 운동프로그램(MSC Gym by Technogym®),,,,,,,,Baby Club (1~3세): Chicco와 협업하여 유아를 위한 안전하고 재미있는 놀이 공간 제공,,,,,,,
,,,,,,,"5. 라이브방송,퀴즈쇼, 카라오케등 프로그램 운영(TV Studio & Bar)",,,,,,높은곳에서의 어드벤처 코스 존재(Himalayan High Ropes Course),,,,,,,,Mini & Junior Club (3~11세): LEGO와 협업하여 창의력과 상상력을 키우는 다양한 활동 제공,,,,,,,
,,,,,,,6. 패밀리 캐빈: 2~3개의 객실을 연결하여 최대 10명까지 수용 가능한 가족 전용 객실 존재,,,,,,"발리식 스파, 사우나, 스팀룸, 뷰티샬롱 완비(MSC Aurea Spa)",,,,,,,,Young & Teen Club (12~17세): 연령대별로 나뉜 청소년 전용 공간과 프로그램 운영,,,,,,,
,,,,,,,※ 가족을 위한 테마 및 프로그램이 많음.,,,,,,대형 스크린과 조명이있는 메인 수영장 (Atmosphere Pool),,,,,,,,Doremi Lab & Studio: 음악과 과학을 테마로 한 창의적인 활동 공간,,,,,,,
,,,,,,,,,,,,,서커스와 디너 쇼가 결합된 독특한 공연,,,,,,,,Super Amusement Park: 다양한 게임과 활동을 즐길 수 있는 대형 실내 놀이 공간,,,,,,,
,,,,,,,,,,,,,연령별 키즈클럽 운영함,,,,,,,,,,,,,,,
,,,,,,,,,,,,,"→ 레고 무비 메이커, 닌텐도 게임등 다양한 활동제공",,,,,,,,,,,,,,,
"총무게:181,541톤  /  길이 : 331 [m]  /  폭 :  43 [m]   / 층수 : 18 층   /   객실수 : 2,421  /   탑승정원 : 6,334명   /   승무원 : 1,704명",,,,,,,,,,,,,,,,,,,,,,,,,,,,
,,,,,,,,,,,,,,,,,,,,,,,,,,,,
,,,,,,,,,,,,,,,,,,,,,,,,,,,,
MSC 벨리시마 (MSC Bellissima),,,,,,,특징 & 부대시설 및 프로그램,,,,,,,,,,,MSC Bellissima - Ship Visit (Full version),유튜브,https://www.youtube.com/watch?v=c5joJaI5XII,유뷰트,,,Horizon Pool,,볼링장,,
,,,,,,,특징,,,,,,부대시설,,,,,https://cafe.naver.com/funhanshop2/32660,카페,MSC Bellissima Walk Tour 4k 2019,유뷰트,,,,,,,
,,,,,,,1. 2019년 첫 출항 (20년도 코로나로 인한 2년간 사용X = 새것 수준.),,,,,,3개의 워트슬라이드와 해상워터파크존재함(Polar Aquapark),,,,,https://blog.naver.com/tan2020_/223446822464,참고해볼만한 네이버 블로그,https://blog.naver.com/pxsxwx09/223577156240,블로그(객실정보),,,,,,,
,,,,,,,2.  Galleria Bellissima = 96m 길이의 실내 LED 돔을 보유하고있음,,,,,,"볼링장, 농구,축구,풋살등 스포츠를 즐길수있는 실내체육관 존재(Sportsplex)",,,,,초대형 크루즈 내부가 궁금하다면? 럭셔리 가족여행으로 딱 좋은 MSC 벨리시마호 크루즈를 소개합니다!,참고 유튜브 링크,https://blog.naver.com/cruisetmk/223766139179,Cirque du Soleil (서커스),,,,,,,
,,,,,,,"→ 낮에는 하늘, 밤에는 별빛을 연출함.",,,,,,실제 F1 경주 포뮬러 원 레이싱체험(MSC Formula Racer),,,,,https://youtu.be/piCzX8ibO2g?si=L5_BRiE7bbjuPioG,유튜브,https://blog.naver.com/cruisetmk/223766139179,블로그,,,,,,,
,,,,,,,"3. 일본 요코하마, 중국 상하이 를 주로 운항함.",,,,,,"Horizon Pool : 낮에는 일광욕 공간, 밤에는 야외 댄스 및 엔터테인먼트 공간",,,,,https://youtu.be/nZOii0yEjss?si=U9SgDRfItAdMXigY,유튜브,https://www.youtube.com/watch?v=sXfhLM4Uqzo,유튜브,,,,,,,
,,,,,,,"→ 주요기항지 :일본 오키나와, 이시가키, 타이베이, 미야코지마",,,,,,높은곳에서의 어드벤처 코스 존재(Himalayan High Ropes Course),,,,,https://youtu.be/ifxIOb_K_dc?si=ZNhgtQ5ViXpwKqaO,유튜브,https://m.blog.naver.com/dhguswlsdms/223410645038?recommendCode=2&recommendTrackingCode=2,블로그(MSC어플),,,,,,,
,,,,,,,4. Carousel Lounge,,,,,,"TV Studio & Bar : 퀴즈쇼, 라이브 게임쇼, 카라오케, 탤런트쇼가 열리는 공간",,,,,https://youtu.be/fsdtlfRN2mI?si=Vh_cc5GOjgOe8uUl,유튜브(인사이드룸 룸투어),https://blog.naver.com/dhwmh/223728477900,블로그(선내시설),,,,,,,
,,,,,,,"→ 세계적인 서커스 공연단인 Cirque du Soleil의 독점 공연이 열리는 최첨단 공연장으로,",,,,,,Kids Clubs & Family Areas,,,,,https://www.youtube.com/watch?v=cbwifkTMS9A,유튜브,https://blog.polytrips.com/ko/msc-%ED%81%AC%EB%A3%A8%EC%A6%88-%EB%B2%A8%EB%9D%BC-%ED%8C%90%ED%83%80%EC%8A%A4%ED%8B%B0%EC%B9%B4-%EC%95%84%EC%9A%B0%EB%A0%88%EC%95%84-3%EA%B0%80%EC%A7%80-%EC%84%9C%EB%B9%84%EC%8A%A4%EC%9D%98/?utm_source=chatgpt.com,블로그(등급차이),,,Galleria Bellissima (LED 돔),,,,Carousel Lounge
,,,,,,,     저녁 식사와 함께 쇼를 즐길 수 있음,,,,,,→ (LEGO®) 파트너십을 통해 구성된 다양한 연령별 키즈클럽,,,,,https://www.youtube.com/watch?v=jJ7AezLwLao,유튜브,https://www.loveitbookit.com/cruise-lines/msc-cruises/msc-bellissima#info,사진과 정보 얻기 좋음,,,,,,,
,,,,,,,5. ¡HOLA! Tapas Bar: 미슐랭 스타 셰프 Ramón Freixa가 운영하는 스페인식 타파스 바,,,,,,→ 유아 전용 공간 운영 (Chicco®),,,,,https://www.youtube.com/watch?v=McX-U42PYQE&t=188s,유튜브,https://www.msccruises.com/int/our-cruises/ships/msc-bellissima,360º 쉽투어,,,,,,,
,,,,,,,6. Cirque du Soleil과 파트너십을 통해 개발된 전용 쇼 라운지 운영함,,,,,,"→ 가족 영화관, 게임룸, VR 게임 등 다양한 가족형 부대시설 포함",,,,,https://www.youtube.com/watch?v=BYGryNBYMIU,유튜브(고공로프체험),,,,,,,,,
,,,,,,,7. 현재 아시아에서 운항하는 크루즈 중 가장 큰 규모의 크루즈 / 26년도에 MSC월드 아시아 예정,,,,,,"Aurea Spa & Thermal Area = 발리식 마사지, 해수 테라피, 사우나 등 포함",,,,,https://www.youtube.com/watch?v=zNhC0x8XwuI,유튜브(스위트룸),,,,,,,,,
"총무게:171,598톤  /  길이 : 315.83 [m]  /  폭 :  43 [m]   / 층수 : 19 층   /   객실수 : 2,201  /   탑승정원 : 5,655명   /   승무원 : 1,595명",,,,,,,,,,,,,,,,,,Himalayan High Ropes Course,,,,,,,,,,
,,,,,,,,,,,,,,,,,,,,,,,,,,,,
,,,,,,,,,,,,,,,,,,,,,,TV Studio & Bar,,,,,,
MSC 메라비글리아 (MSC Meraviglia),,,,,,,특징 & 부대시설 및 프로그램,,,,,,,,,,,Polar Aquapark,https://www.youtube.com/watch?v=UzoemJOs6dU,유튜브,,,,,,,,
,,,,,,,,,,,,,,,,,,,,,,,,,,,,
,,,,,,,,,,,,,,,,,,,,,,,,,,,,
,,,,,,,,,,,,,,,,,,,,,,,,,,,,
,,,,,,,,,,,,,,,,,,,,,,,,,,,,
,,,,,,,,,,,,,,,,,,,,,,,,,,,,
,,,,,,,,,,,,,,,,,,,,,,,,,,,,
,,,,,,,,,,,,,,,,,,,,,,,,,,,,
,,,,,,,,,,,,,,,,,,,,,,,,,,,,
,,,,,,,,,,,,,,,,,,,,,,,,,,,,
,,,,,,,,,,,,,,,,,,,,,,,,,,,,
,,,,,,,,,,,,,,,,,,,,,,,,,,,,
,,,,,,,,,,,,,,,,,,,,,,,,,,,,
"총무게:171,598톤  /  길이 : 315.8 [m]  /  폭 :  43 [m]   / 층수 : 18 층   /   객실수 : 2,214  /   탑승정원 : 5,714명   /   승무원 : 1,608명",,,,,,,,,,,,,,,,,,,,,,,,,,,,
,,,,,,,,,,,,,,,,,,,,,,,,,,,,
,,,,,,,,,,,,,,,,,,,,,,,,,,,,
MSC 시쇼어 (MSC Seashore),,,,,,,특징 & 부대시설 및 프로그램,,,,,,,,,,,,,,,,,,,,,
,,,,,,,,,,,,,,,,,,,,,,,,,,,,
,,,,,,,,,,,,,,,,,,,,,,,,,,,,
,,,,,,,,,,,,,,,,,,,,,,,,,,,,
,,,,,,,,,,,,,,,,,,,,,,,,,,,,
,,,,,,,,,,,,,,,,,,,,,,,,,,,,
,,,,,,,,,,,,,,,,,,,,,,,,,,,,
,,,,,,,,,,,,,,,,,,,,,,,,,,,,
,,,,,,,,,,,,,,,,,,,,,,,,,,,,
,,,,,,,,,,,,,,,,,,,,,,,,,,,,
,,,,,,,,,,,,,,,,,,,,,,,,,,,,
,,,,,,,,,,,,,,,,,,,,,,,,,,,,
,,,,,,,,,,,,,,,,,,,,,,,,,,,,
"총무게:170,412톤  /  길이 : 339 [m]  /  폭 :  41 [m]   / 층수 : 19 층   /   객실수 : 2,270  /   탑승정원 : 5,632명   /   승무원 : 1,648명",,,,,,,,,,,,,,,,,,,,,,,,,,,,
,,,,,,,,,,,,,,,,,,,,,,,,,,,,
,,,,,,,,,,,,,,,,,,,,,,,,,,,,
MSC 시스케이프 (MSC Seascape),,,,,,,특징 & 부대시설 및 프로그램,,,,,,,,,,,,,,,,,,,,,
,,,,,,,,,,,,,,,,,,,,,,,,,,,,
,,,,,,,,,,,,,,,,,,,,,,,,,,,,
,,,,,,,,,,,,,,,,,,,,,,,,,,,,
,,,,,,,,,,,,,,,,,,,,,,,,,,,,
,,,,,,,,,,,,,,,,,,,,,,,,,,,,
,,,,,,,,,,,,,,,,,,,,,,,,,,,,
,,,,,,,,,,,,,,,,,,,,,,,,,,,,
,,,,,,,,,,,,,,,,,,,,,,,,,,,,
,,,,,,,,,,,,,,,,,,,,,,,,,,,,
,,,,,,,,,,,,,,,,,,,,,,,,,,,,
,,,,,,,,,,,,,,,,,,,,,,,,,,,,
,,,,,,,,,,,,,,,,,,,,,,,,,,,,
"총무게:170,400톤  /  길이 : 339 [m]  /  폭 :  41 [m]   / 층수 : 20 층  /   객실수 : 2,270  /   탑승정원 : 5,877명   /   승무원 :1,648 명",,,,,,,,,,,,,,,,,,,,,,,,,,,,
,,,,,,,,,,,,,,,,,,,,,,,,,,,,
,,,,,,,,,,,,,,,,,,,,,,,,,,,,
MSC 시뷰 (MSC Seaview),,,,,,,특징 & 부대시설 및 프로그램,,,,,,,,,,,,,,,,,,,,,
,,,,,,,,,,,,,,,,,,,,,,,,,,,,
,,,,,,,,,,,,,,,,,,,,,,,,,,,,
,,,,,,,,,,,,,,,,,,,,,,,,,,,,
,,,,,,,,,,,,,,,,,,,,,,,,,,,,
,,,,,,,,,,,,,,,,,,,,,,,,,,,,
,,,,,,,,,,,,,,,,,,,,,,,,,,,,
,,,,,,,,,,,,,,,,,,,,,,,,,,,,
,,,,,,,,,,,,,,,,,,,,,,,,,,,,
,,,,,,,,,,,,,,,,,,,,,,,,,,,,
,,,,,,,,,,,,,,,,,,,,,,,,,,,,
,,,,,,,,,,,,,,,,,,,,,,,,,,,,
,,,,,,,,,,,,,,,,,,,,,,,,,,,,
"총무게:153,516톤  /  길이 : 323 [m]  /  폭 :  41 [m]   / 층수 : 19 층  /   객실수 : 2,066  /   탑승정원 : 5,336명   /   승무원 : 1,413명",,,,,,,,,,,,,,,,,,,,,,,,,,,,
,,,,,,,,,,,,,,,,,,,,,,,,,,,,
,,,,,,,,,,,,,,,,,,,,,,,,,,,,
MSC 시사이드 (MSC Seaside),,,,,,,특징 & 부대시설 및 프로그램,,,,,,,,,,,,,,,,,,,,,
,,,,,,,,,,,,,,,,,,,,,,,,,,,,
,,,,,,,,,,,,,,,,,,,,,,,,,,,,
,,,,,,,,,,,,,,,,,,,,,,,,,,,,
,,,,,,,,,,,,,,,,,,,,,,,,,,,,
,,,,,,,,,,,,,,,,,,,,,,,,,,,,
,,,,,,,,,,,,,,,,,,,,,,,,,,,,
,,,,,,,,,,,,,,,,,,,,,,,,,,,,
,,,,,,,,,,,,,,,,,,,,,,,,,,,,
,,,,,,,,,,,,,,,,,,,,,,,,,,,,
,,,,,,,,,,,,,,,,,,,,,,,,,,,,
,,,,,,,,,,,,,,,,,,,,,,,,,,,,
,,,,,,,,,,,,,,,,,,,,,,,,,,,,
"총무게:153,516톤  /  길이 : 323 [m]  /  폭 :  41.1 [m]   / 층수 : 19 층  /   객실수 : 2,026  /   탑승정원 : 5,079명   /   승무원 : 1,513명",,,,,,,,,,,,,,,,,,,,,,,,,,,,
,,,,,,,,,,,,,,,,,,,,,,,,,,,,
,,,,,,,,,,,,,,,,,,,,,,,,,,,,
MSC 프레지오사 (MSC Preziosa),,,,,,,특징 & 부대시설 및 프로그램,,,,,,,,,,,,,,,,,,,,,
,,,,,,,,,,,,,,,,,,,,,,,,,,,,
,,,,,,,,,,,,,,,,,,,,,,,,,,,,
,,,,,,,,,,,,,,,,,,,,,,,,,,,,
,,,,,,,,,,,,,,,,,,,,,,,,,,,,
,,,,,,,,,,,,,,,,,,,,,,,,,,,,
,,,,,,,,,,,,,,,,,,,,,,,,,,,,
,,,,,,,,,,,,,,,,,,,,,,,,,,,,
,,,,,,,,,,,,,,,,,,,,,,,,,,,,
,,,,,,,,,,,,,,,,,,,,,,,,,,,,
,,,,,,,,,,,,,,,,,,,,,,,,,,,,
,,,,,,,,,,,,,,,,,,,,,,,,,,,,
,,,,,,,,,,,,,,,,,,,,,,,,,,,,
"총무게:139,400톤  /  길이 : 333 [m]  /  폭 :  37.9 [m]   / 층수 : 14 층  /   객실수 : 1,751  /   탑승정원 : 4,345명   /   승무원 : 1,388명",,,,,,,,,,,,,,,,,,,,,,,,,,,,
,,,,,,,,,,,,,,,,,,,,,,,,,,,,
,,,,,,,,,,,,,,,,,,,,,,,,,,,,
MSC 디비나 (MSC Divina),,,,,,,특징 & 부대시설 및 프로그램,,,,,,,,,,,,,,,,,,,,,
,,,,,,,,,,,,,,,,,,,,,,,,,,,,
,,,,,,,,,,,,,,,,,,,,,,,,,,,,
,,,,,,,,,,,,,,,,,,,,,,,,,,,,
,,,,,,,,,,,,,,,,,,,,,,,,,,,,
,,,,,,,,,,,,,,,,,,,,,,,,,,,,
,,,,,,,,,,,,,,,,,,,,,,,,,,,,
,,,,,,,,,,,,,,,,,,,,,,,,,,,,
,,,,,,,,,,,,,,,,,,,,,,,,,,,,
,,,,,,,,,,,,,,,,,,,,,,,,,,,,
,,,,,,,,,,,,,,,,,,,,,,,,,,,,
,,,,,,,,,,,,,,,,,,,,,,,,,,,,
,,,,,,,,,,,,,,,,,,,,,,,,,,,,
"총무게:139,400톤  /  길이 : 333 [m]  /  폭 :  37.9 [m]   / 층수 : 13 층  /   객실수 : 1,539  /   탑승정원 : 3,502명   /   승무원 : 1,388명",,,,,,,,,,,,,,,,,,,,,,,,,,,,
,,,,,,,,,,,,,,,,,,,,,,,,,,,,
,,,,,,,,,,,,,,,,,,,,,,,,,,,,
MSC 스플렌디다 (MSC Splendida),,,,,,,특징 & 부대시설 및 프로그램,,,,,,,,,,,,,,,,,,,,,
,,,,,,,,,,,,,,,,,,,,,,,,,,,,
,,,,,,,,,,,,,,,,,,,,,,,,,,,,
,,,,,,,,,,,,,,,,,,,,,,,,,,,,
,,,,,,,,,,,,,,,,,,,,,,,,,,,,
,,,,,,,,,,,,,,,,,,,,,,,,,,,,
,,,,,,,,,,,,,,,,,,,,,,,,,,,,
,,,,,,,,,,,,,,,,,,,,,,,,,,,,
,,,,,,,,,,,,,,,,,,,,,,,,,,,,
,,,,,,,,,,,,,,,,,,,,,,,,,,,,
,,,,,,,,,,,,,,,,,,,,,,,,,,,,
,,,,,,,,,,,,,,,,,,,,,,,,,,,,
,,,,,,,,,,,,,,,,,,,,,,,,,,,,
"총무게:137,936톤  /  길이 : 333 [m]  /  폭 :  37.9 [m]   / 층수 : 13 층  /   객실수 : 1,637  /   탑승정원 : 4,363명   /   승무원 : 1,370명",,,,,,,,,,,,,,,,,,,,,,,,,,,,
,,,,,,,,,,,,,,,,,,,,,,,,,,,,
,,,,,,,,,,,,,,,,,,,,,,,,,,,,
MSC 판타지아 (MSC Fantasia),,,,,,,특징 & 부대시설 및 프로그램,,,,,,,,,,,,,,,,,,,,,
,,,,,,,,,,,,,,,,,,,,,,,,,,,,
,,,,,,,,,,,,,,,,,,,,,,,,,,,,
,,,,,,,,,,,,,,,,,,,,,,,,,,,,
,,,,,,,,,,,,,,,,,,,,,,,,,,,,
,,,,,,,,,,,,,,,,,,,,,,,,,,,,
,,,,,,,,,,,,,,,,,,,,,,,,,,,,
,,,,,,,,,,,,,,,,,,,,,,,,,,,,
,,,,,,,,,,,,,,,,,,,,,,,,,,,,
,,,,,,,,,,,,,,,,,,,,,,,,,,,,
,,,,,,,,,,,,,,,,,,,,,,,,,,,,
,,,,,,,,,,,,,,,,,,,,,,,,,,,,
,,,,,,,,,,,,,,,,,,,,,,,,,,,,
"총무게:137,936톤  /  길이 : 333 [m]  /  폭 :  37.9 [m]   / 층수 : 13 층  /   객실수 : 1,636  /   탑승정원 : 4,363명   /   승무원 : 1,370명",,,,,,,,,,,,,,,,,,,,,,,,,,,,
,,,,,,,,,,,,,,,,,,,,,,,,,,,,
,,,,,,,,,,,,,,,,,,,,,,,,,,,,
MSC 마그니피카 (MSC Magnifica),,,,,,,특징 & 부대시설 및 프로그램,,,,,,,,,,,,,,,,,,,,,
,,,,,,,,,,,,,,,,,,,,,,,,,,,,
,,,,,,,,,,,,,,,,,,,,,,,,,,,,
,,,,,,,,,,,,,,,,,,,,,,,,,,,,
,,,,,,,,,,,,,,,,,,,,,,,,,,,,
,,,,,,,,,,,,,,,,,,,,,,,,,,,,
,,,,,,,,,,,,,,,,,,,,,,,,,,,,
,,,,,,,,,,,,,,,,,,,,,,,,,,,,
,,,,,,,,,,,,,,,,,,,,,,,,,,,,
,,,,,,,,,,,,,,,,,,,,,,,,,,,,
,,,,,,,,,,,,,,,,,,,,,,,,,,,,
,,,,,,,,,,,,,,,,,,,,,,,,,,,,
,,,,,,,,,,,,,,,,,,,,,,,,,,,,
"총무게:95,128톤  /  길이 : 294 [m]  /  폭 :  32.2 [m]   / 층수 : 13 층  /   객실수 : 1,279  /   탑승정원 : 3,223명   /   승무원 : 987명",,,,,,,,,,,,,,,,,,,,,,,,,,,,
,,,,,,,,,,,,,,,,,,,,,,,,,,,,
,,,,,,,,,,,,,,,,,,,,,,,,,,,,
MSC 포에시아 (MSC Poesia),,,,,,,특징 & 부대시설 및 프로그램,,,,,,,,,,,,,,,,,,,,,
,,,,,,,,,,,,,,,,,,,,,,,,,,,,
,,,,,,,,,,,,,,,,,,,,,,,,,,,,
,,,,,,,,,,,,,,,,,,,,,,,,,,,,
,,,,,,,,,,,,,,,,,,,,,,,,,,,,
,,,,,,,,,,,,,,,,,,,,,,,,,,,,
,,,,,,,,,,,,,,,,,,,,,,,,,,,,
,,,,,,,,,,,,,,,,,,,,,,,,,,,,
,,,,,,,,,,,,,,,,,,,,,,,,,,,,
,,,,,,,,,,,,,,,,,,,,,,,,,,,,
,,,,,,,,,,,,,,,,,,,,,,,,,,,,
,,,,,,,,,,,,,,,,,,,,,,,,,,,,
,,,,,,,,,,,,,,,,,,,,,,,,,,,,
"총무게:92,627톤  /  길이 : 294 [m]  /  폭 :  32.2 [m]   / 층수 : 13 층  /   객실수 : 1,275  /   탑승정원 : 3,223명   /   승무원 : 1,039 명",,,,,,,,,,,,,,,,,,,,,,,,,,,,
,,,,,,,,,,,,,,,,,,,,,,,,,,,,
,,,,,,,,,,,,,,,,,,,,,,,,,,,,
MSC 오케스트라 (MSC Orchestra),,,,,,,특징 & 부대시설 및 프로그램,,,,,,,,,,,,,,,,,,,,,
,,,,,,,,,,,,,,,,,,,,,,,,,,,,
,,,,,,,,,,,,,,,,,,,,,,,,,,,,
,,,,,,,,,,,,,,,,,,,,,,,,,,,,
,,,,,,,,,,,,,,,,,,,,,,,,,,,,
,,,,,,,,,,,,,,,,,,,,,,,,,,,,
,,,,,,,,,,,,,,,,,,,,,,,,,,,,
,,,,,,,,,,,,,,,,,,,,,,,,,,,,
,,,,,,,,,,,,,,,,,,,,,,,,,,,,
,,,,,,,,,,,,,,,,,,,,,,,,,,,,
,,,,,,,,,,,,,,,,,,,,,,,,,,,,
,,,,,,,,,,,,,,,,,,,,,,,,,,,,
,,,,,,,,,,,,,,,,,,,,,,,,,,,,
"총무게:92,400톤  /  길이 : 294 [m]  /  폭 :  32.2 [m]   / 층수 : 13 층  /   객실수 : 1,275  /   탑승정원 : 2,550명   /   승무원 : 940 명",,,,,,,,,,,,,,,,,,,,,,,,,,,,
,,,,,,,,,,,,,,,,,,,,,,,,,,,,
,,,,,,,,,,,,,,,,,,,,,,,,,,,,
MSC 무지카 (MSC Musica),,,,,,,특징 & 부대시설 및 프로그램,,,,,,,,,,,,,,,,,,,,,
,,,,,,,,,,,,,,,,,,,,,,,,,,,,
,,,,,,,,,,,,,,,,,,,,,,,,,,,,
,,,,,,,,,,,,,,,,,,,,,,,,,,,,
,,,,,,,,,,,,,,,,,,,,,,,,,,,,
,,,,,,,,,,,,,,,,,,,,,,,,,,,,
,,,,,,,,,,,,,,,,,,,,,,,,,,,,
,,,,,,,,,,,,,,,,,,,,,,,,,,,,
,,,,,,,,,,,,,,,,,,,,,,,,,,,,
,,,,,,,,,,,,,,,,,,,,,,,,,,,,
,,,,,,,,,,,,,,,,,,,,,,,,,,,,
,,,,,,,,,,,,,,,,,,,,,,,,,,,,
,,,,,,,,,,,,,,,,,,,,,,,,,,,,
"총무게:92,409톤  /  길이 : 294 [m]  /  폭 :  32.2 [m]   / 층수 : 13 층  /   객실수 : 1,275  /   탑승정원 : 3,223명   /   승무원 : 987 명",,,,,,,,,,,,,,,,,,,,,,,,,,,,
,,,,,,,,,,,,,,,,,,,,,,,,,,,,
,,,,,,,,,,,,,,,,,,,,,,,,,,,,
MSC 오페라 (MSC Opera),,,,,,,특징 & 부대시설 및 프로그램,,,,,,,,,,,,,,,,,,,,,
,,,,,,,,,,,,,,,,,,,,,,,,,,,,
,,,,,,,,,,,,,,,,,,,,,,,,,,,,
,,,,,,,,,,,,,,,,,,,,,,,,,,,,
,,,,,,,,,,,,,,,,,,,,,,,,,,,,
,,,,,,,,,,,,,,,,,,,,,,,,,,,,
,,,,,,,,,,,,,,,,,,,,,,,,,,,,
,,,,,,,,,,,,,,,,,,,,,,,,,,,,
,,,,,,,,,,,,,,,,,,,,,,,,,,,,
,,,,,,,,,,,,,,,,,,,,,,,,,,,,
,,,,,,,,,,,,,,,,,,,,,,,,,,,,
,,,,,,,,,,,,,,,,,,,,,,,,,,,,
,,,,,,,,,,,,,,,,,,,,,,,,,,,,
"총무게:65,591톤  /  길이 : 275 [m]  /  폭 :  32 [m]   / 층수 : 13 층  /   객실수 : 1,071  /   탑승정원 : 2,579명   /   승무원 : 728 명",,,,,,,,,,,,,,,,,,,,,,,,,,,,
,,,,,,,,,,,,,,,,,,,,,,,,,,,,
,,,,,,,,,,,,,,,,,,,,,,,,,,,,
MSC 리리카 (MSC Lirica),,,,,,,특징 & 부대시설 및 프로그램,,,,,,,,,,,,,,,,,,,,,
,,,,,,,,,,,,,,,,,,,,,,,,,,,,
,,,,,,,,,,,,,,,,,,,,,,,,,,,,
,,,,,,,,,,,,,,,,,,,,,,,,,,,,
,,,,,,,,,,,,,,,,,,,,,,,,,,,,
,,,,,,,,,,,,,,,,,,,,,,,,,,,,
,,,,,,,,,,,,,,,,,,,,,,,,,,,,
,,,,,,,,,,,,,,,,,,,,,,,,,,,,
,,,,,,,,,,,,,,,,,,,,,,,,,,,,
,,,,,,,,,,,,,,,,,,,,,,,,,,,,
,,,,,,,,,,,,,,,,,,,,,,,,,,,,
,,,,,,,,,,,,,,,,,,,,,,,,,,,,
,,,,,,,,,,,,,,,,,,,,,,,,,,,,
"총무게:65,591톤  /  길이 : 251 [m]  /  폭 :  32 [m]   / 층수 : 9 층  /   객실수 : 988  /   탑승정원 : 2,548명   /   승무원 : 752 명",,,,,,,,,,,,,,,,,,,,,,,,,,,,
,,,,,,,,,,,,,,,,,,,,,,,,,,,,
,,,,,,,,,,,,,,,,,,,,,,,,,,,,
MSC 아르모니아 (MSC Armonia),,,,,,,특징 & 부대시설 및 프로그램,,,,,,,,,,,,,,,,,,,,,
,,,,,,,,,,,,,,,,,,,,,,,,,,,,
,,,,,,,,,,,,,,,,,,,,,,,,,,,,
,,,,,,,,,,,,,,,,,,,,,,,,,,,,
,,,,,,,,,,,,,,,,,,,,,,,,,,,,
,,,,,,,,,,,,,,,,,,,,,,,,,,,,
,,,,,,,,,,,,,,,,,,,,,,,,,,,,
,,,,,,,,,,,,,,,,,,,,,,,,,,,,
,,,,,,,,,,,,,,,,,,,,,,,,,,,,
,,,,,,,,,,,,,,,,,,,,,,,,,,,,
,,,,,,,,,,,,,,,,,,,,,,,,,,,,
,,,,,,,,,,,,,,,,,,,,,,,,,,,,
,,,,,,,,,,,,,,,,,,,,,,,,,,,,
"총무게:65,542톤  /  길이 : 251 [m]  /  폭 : 28.8  [m]   / 층수 : 9 층  /   객실수 : 976  /   탑승정원 : 2,546명   /   승무원 : 721 명",,,,,,,,,,,,,,,,,,,,,,,,,,,,
,,,,,,,,,,,,,,,,,,,,,,,,,,,,
,,,,,,,,,,,,,,,,,,,,,,,,,,,,
프린세스(Princess Cruises),,,,,,,,,,,,,,,,,,,,,,,,,,,,
,,,,,,,,,,,,,,,,,,,,,,,,,,,,
스타 프린세스 (Star Princess),,,,,,,특징 & 부대시설 및 프로그램,,,,,,,,,,,,,,,,,,,,,
,,,,,,,,,,,,,,,,,,,,,,,,,,,,
,,,,,,,,,,,,,,,,,,,,,,,,,,,,
,,,,,,,,,,,,,,,,,,,,,,,,,,,,
,,,,,,,,,,,,,,,,,,,,,,,,,,,,
,,,,,,,,,,,,,,,,,,,,,,,,,,,,
,,,,,,,,,,,,,,,,,,,,,,,,,,,,
,,,,,,,,,,,,,,,,,,,,,,,,,,,,
,,,,,,,,,,,,,,,,,,,,,,,,,,,,
,,,,,,,,,,,,,,,,,,,,,,,,,,,,
,,,,,,,,,,,,,,,,,,,,,,,,,,,,
,,,,,,,,,,,,,,,,,,,,,,,,,,,,
,,,,,,,,,,,,,,,,,,,,,,,,,,,,
"총무게:175,500톤  /  길이 : 354 [m]  /  폭 : 47  [m]   / 층수 : 21 층  /   객실수 : 2,150  /   탑승정원 : 4,300명   /   승무원 : 1,600 명",,,,,,,,,,,,,,,,,,,,,,,,,,,,
,,,,,,,,,,,,,,,,,,,,,,,,,,,,
,,,,,,,,,,,,,,,,,,,,,,,,,,,,
선 프린세스 (Sun Princess),,,,,,,특징 & 부대시설 및 프로그램,,,,,,,,,,,,,,,,,,,,,
,,,,,,,,,,,,,,,,,,,,,,,,,,,,
,,,,,,,,,,,,,,,,,,,,,,,,,,,,
,,,,,,,,,,,,,,,,,,,,,,,,,,,,
,,,,,,,,,,,,,,,,,,,,,,,,,,,,
,,,,,,,,,,,,,,,,,,,,,,,,,,,,
,,,,,,,,,,,,,,,,,,,,,,,,,,,,
,,,,,,,,,,,,,,,,,,,,,,,,,,,,
,,,,,,,,,,,,,,,,,,,,,,,,,,,,
,,,,,,,,,,,,,,,,,,,,,,,,,,,,
,,,,,,,,,,,,,,,,,,,,,,,,,,,,
,,,,,,,,,,,,,,,,,,,,,,,,,,,,
,,,,,,,,,,,,,,,,,,,,,,,,,,,,
"총무게:175,500톤  /  길이 : 354 [m]  /  폭 : 47  [m]   / 층수 : 21 층  /   객실수 : 2,157  /   탑승정원 : 4,300명   /   승무원 : 1,600 명",,,,,,,,,,,,,,,,,,,,,,,,,,,,
,,,,,,,,,,,,,,,,,,,,,,,,,,,,
,,,,,,,,,,,,,,,,,,,,,,,,,,,,
디스커버리 프린세스 (Discovery Princess),,,,,,,특징 & 부대시설 및 프로그램,,,,,,,,,,,,,,,,,,,,,
,,,,,,,,,,,,,,,,,,,,,,,,,,,,
,,,,,,,,,,,,,,,,,,,,,,,,,,,,
,,,,,,,,,,,,,,,,,,,,,,,,,,,,
,,,,,,,,,,,,,,,,,,,,,,,,,,,,
,,,,,,,,,,,,,,,,,,,,,,,,,,,,
,,,,,,,,,,,,,,,,,,,,,,,,,,,,
,,,,,,,,,,,,,,,,,,,,,,,,,,,,
,,,,,,,,,,,,,,,,,,,,,,,,,,,,
,,,,,,,,,,,,,,,,,,,,,,,,,,,,
,,,,,,,,,,,,,,,,,,,,,,,,,,,,
,,,,,,,,,,,,,,,,,,,,,,,,,,,,
,,,,,,,,,,,,,,,,,,,,,,,,,,,,
"총무게:145,500톤  /  길이 : 330 [m]  /  폭 : 38.4  [m]   / 층수 : 19 층  /   객실수 : 2,157  /   탑승정원 : 3,660명   /   승무원 : 1,346 명",,,,,,,,,,,,,,,,,,,,,,,,,,,,
,,,,,,,,,,,,,,,,,,,,,,,,,,,,
,,,,,,,,,,,,,,,,,,,,,,,,,,,,
인챈티드 프린세스 (Enchanted Princess),,,,,,,특징 & 부대시설 및 프로그램,,,,,,,,,,,,,,,,,,,,,
,,,,,,,,,,,,,,,,,,,,,,,,,,,,
,,,,,,,,,,,,,,,,,,,,,,,,,,,,
,,,,,,,,,,,,,,,,,,,,,,,,,,,,
,,,,,,,,,,,,,,,,,,,,,,,,,,,,
,,,,,,,,,,,,,,,,,,,,,,,,,,,,
,,,,,,,,,,,,,,,,,,,,,,,,,,,,
,,,,,,,,,,,,,,,,,,,,,,,,,,,,
,,,,,,,,,,,,,,,,,,,,,,,,,,,,
,,,,,,,,,,,,,,,,,,,,,,,,,,,,
,,,,,,,,,,,,,,,,,,,,,,,,,,,,
,,,,,,,,,,,,,,,,,,,,,,,,,,,,
,,,,,,,,,,,,,,,,,,,,,,,,,,,,
"총무게:145,281톤  /  길이 : 330 [m]  /  폭 : 38.4  [m]   / 층수 : 19 층  /   객실수 : 1,830  /   탑승정원 : 3,660명   /   승무원 : 1,346 명",,,,,,,,,,,,,,,,,,,,,,,,,,,,
,,,,,,,,,,,,,,,,,,,,,,,,,,,,
,,,,,,,,,,,,,,,,,,,,,,,,,,,,
스카이 프린세스 (Sky Princess),,,,,,,특징 & 부대시설 및 프로그램,,,,,,,,,,,,,,,,,,,,,
,,,,,,,,,,,,,,,,,,,,,,,,,,,,
,,,,,,,,,,,,,,,,,,,,,,,,,,,,
,,,,,,,,,,,,,,,,,,,,,,,,,,,,
,,,,,,,,,,,,,,,,,,,,,,,,,,,,
,,,,,,,,,,,,,,,,,,,,,,,,,,,,
,,,,,,,,,,,,,,,,,,,,,,,,,,,,
,,,,,,,,,,,,,,,,,,,,,,,,,,,,
,,,,,,,,,,,,,,,,,,,,,,,,,,,,
,,,,,,,,,,,,,,,,,,,,,,,,,,,,
,,,,,,,,,,,,,,,,,,,,,,,,,,,,
,,,,,,,,,,,,,,,,,,,,,,,,,,,,
,,,,,,,,,,,,,,,,,,,,,,,,,,,,
"총무게:145,281톤  /  길이 : 330 [m]  /  폭 : 38.4  [m]   / 층수 : 19 층  /   객실수 : 1,830  /   탑승정원 : 3,660명   /   승무원 : 1,346 명",,,,,,,,,,,,,,,,,,,,,,,,,,,,
,,,,,,,,,,,,,,,,,,,,,,,,,,,,
,,,,,,,,,,,,,,,,,,,,,,,,,,,,
마제스틱 프린세스 (Majestic Princess),,,,,,,특징 & 부대시설 및 프로그램,,,,,,,,,,,,,,,,,,,,,
,,,,,,,,,,,,,,,,,,,,,,,,,,,,
,,,,,,,,,,,,,,,,,,,,,,,,,,,,
,,,,,,,,,,,,,,,,,,,,,,,,,,,,
,,,,,,,,,,,,,,,,,,,,,,,,,,,,
,,,,,,,,,,,,,,,,,,,,,,,,,,,,
,,,,,,,,,,,,,,,,,,,,,,,,,,,,
,,,,,,,,,,,,,,,,,,,,,,,,,,,,
,,,,,,,,,,,,,,,,,,,,,,,,,,,,
,,,,,,,,,,,,,,,,,,,,,,,,,,,,
,,,,,,,,,,,,,,,,,,,,,,,,,,,,
,,,,,,,,,,,,,,,,,,,,,,,,,,,,
,,,,,,,,,,,,,,,,,,,,,,,,,,,,
"총무게:144,216톤  /  길이 : 330 [m]  /  폭 : 38.4  [m]   / 층수 : 19 층  /   객실수 : 1,780  /   탑승정원 : 3,560명   /   승무원 : 1,346 명",,,,,,,,,,,,,,,,,,,,,,,,,,,,
,,,,,,,,,,,,,,,,,,,,,,,,,,,,
,,,,,,,,,,,,,,,,,,,,,,,,,,,,
리갈 프린세스 (Regal Princess),,,,,,,특징 & 부대시설 및 프로그램,,,,,,,,,,,,,,,,,,,,,
,,,,,,,,,,,,,,,,,,,,,,,,,,,,
,,,,,,,,,,,,,,,,,,,,,,,,,,,,
,,,,,,,,,,,,,,,,,,,,,,,,,,,,
,,,,,,,,,,,,,,,,,,,,,,,,,,,,
,,,,,,,,,,,,,,,,,,,,,,,,,,,,
,,,,,,,,,,,,,,,,,,,,,,,,,,,,
,,,,,,,,,,,,,,,,,,,,,,,,,,,,
,,,,,,,,,,,,,,,,,,,,,,,,,,,,
,,,,,,,,,,,,,,,,,,,,,,,,,,,,
,,,,,,,,,,,,,,,,,,,,,,,,,,,,
,,,,,,,,,,,,,,,,,,,,,,,,,,,,
,,,,,,,,,,,,,,,,,,,,,,,,,,,,
"총무게:142,229톤  /  길이 : 330 [m]  /  폭 : 38.4  [m]   / 층수 : 19 층  /   객실수 : 1,780  /   탑승정원 : 3,560명   /   승무원 : 1,346 명",,,,,,,,,,,,,,,,,,,,,,,,,,,,
,,,,,,,,,,,,,,,,,,,,,,,,,,,,
,,,,,,,,,,,,,,,,,,,,,,,,,,,,
로얄 프린세스 (Royal Princess),,,,,,,특징 & 부대시설 및 프로그램,,,,,,,,,,,,,,,,,,,,,
,,,,,,,,,,,,,,,,,,,,,,,,,,,,
,,,,,,,,,,,,,,,,,,,,,,,,,,,,
,,,,,,,,,,,,,,,,,,,,,,,,,,,,
,,,,,,,,,,,,,,,,,,,,,,,,,,,,
,,,,,,,,,,,,,,,,,,,,,,,,,,,,
,,,,,,,,,,,,,,,,,,,,,,,,,,,,
,,,,,,,,,,,,,,,,,,,,,,,,,,,,
,,,,,,,,,,,,,,,,,,,,,,,,,,,,
,,,,,,,,,,,,,,,,,,,,,,,,,,,,
,,,,,,,,,,,,,,,,,,,,,,,,,,,,
,,,,,,,,,,,,,,,,,,,,,,,,,,,,
,,,,,,,,,,,,,,,,,,,,,,,,,,,,
"총무게:142,229톤  /  길이 : 330 [m]  /  폭 : 38.4  [m]   / 층수 : 19 층  /   객실수 : 1,780  /   탑승정원 : 3,560명   /   승무원 : 1,346 명",,,,,,,,,,,,,,,,,,,,,,,,,,,,
,,,,,,,,,,,,,,,,,,,,,,,,,,,,
,,,,,,,,,,,,,,,,,,,,,,,,,,,,
루비 프린세스 (Ruby Princess),,,,,,,특징 & 부대시설 및 프로그램,,,,,,,,,,,,,,,,,,,,,
,,,,,,,,,,,,,,,,,,,,,,,,,,,,
,,,,,,,,,,,,,,,,,,,,,,,,,,,,
,,,,,,,,,,,,,,,,,,,,,,,,,,,,
,,,,,,,,,,,,,,,,,,,,,,,,,,,,
,,,,,,,,,,,,,,,,,,,,,,,,,,,,
,,,,,,,,,,,,,,,,,,,,,,,,,,,,
,,,,,,,,,,,,,,,,,,,,,,,,,,,,
,,,,,,,,,,,,,,,,,,,,,,,,,,,,
,,,,,,,,,,,,,,,,,,,,,,,,,,,,
,,,,,,,,,,,,,,,,,,,,,,,,,,,,
,,,,,,,,,,,,,,,,,,,,,,,,,,,,
,,,,,,,,,,,,,,,,,,,,,,,,,,,,
"총무게:113,561톤  /  길이 : 290 [m]  /  폭 : 36  [m]   / 층수 : 19 층  /   객실수 : 1,542  /   탑승정원 : 3,080명   /   승무원 : 1,200 명",,,,,,,,,,,,,,,,,,,,,,,,,,,,
,,,,,,,,,,,,,,,,,,,,,,,,,,,,
,,,,,,,,,,,,,,,,,,,,,,,,,,,,
에메랄드 프린세스 (Emerald Princess),,,,,,,특징 & 부대시설 및 프로그램,,,,,,,,,,,,,,,,,,,,,
,,,,,,,,,,,,,,,,,,,,,,,,,,,,
,,,,,,,,,,,,,,,,,,,,,,,,,,,,
,,,,,,,,,,,,,,,,,,,,,,,,,,,,
,,,,,,,,,,,,,,,,,,,,,,,,,,,,
,,,,,,,,,,,,,,,,,,,,,,,,,,,,
,,,,,,,,,,,,,,,,,,,,,,,,,,,,
,,,,,,,,,,,,,,,,,,,,,,,,,,,,
,,,,,,,,,,,,,,,,,,,,,,,,,,,,
,,,,,,,,,,,,,,,,,,,,,,,,,,,,
,,,,,,,,,,,,,,,,,,,,,,,,,,,,
,,,,,,,,,,,,,,,,,,,,,,,,,,,,
,,,,,,,,,,,,,,,,,,,,,,,,,,,,
"총무게:113,561톤  /  길이 : 289 [m]  /  폭 :  36 [m]   / 층수 : 19 층  /   객실수 : 1,546  /   탑승정원 : 3,090명   /   승무원 : 1,200 명",,,,,,,,,,,,,,,,,,,,,,,,,,,,
,,,,,,,,,,,,,,,,,,,,,,,,,,,,
,,,,,,,,,,,,,,,,,,,,,,,,,,,,
크라운 프린세스 (Crown Princess),,,,,,,특징 & 부대시설 및 프로그램,,,,,,,,,,,,,,,,,,,,,
,,,,,,,,,,,,,,,,,,,,,,,,,,,,
,,,,,,,,,,,,,,,,,,,,,,,,,,,,
,,,,,,,,,,,,,,,,,,,,,,,,,,,,
,,,,,,,,,,,,,,,,,,,,,,,,,,,,
,,,,,,,,,,,,,,,,,,,,,,,,,,,,
,,,,,,,,,,,,,,,,,,,,,,,,,,,,
,,,,,,,,,,,,,,,,,,,,,,,,,,,,
,,,,,,,,,,,,,,,,,,,,,,,,,,,,
,,,,,,,,,,,,,,,,,,,,,,,,,,,,
,,,,,,,,,,,,,,,,,,,,,,,,,,,,
,,,,,,,,,,,,,,,,,,,,,,,,,,,,
,,,,,,,,,,,,,,,,,,,,,,,,,,,,
"총무게:113,561톤  /  길이 : 290 [m]  /  폭 :  35.9 [m]   / 층수 : 19 층  /   객실수 : 1,545  /   탑승정원 : 3,080명   /   승무원 : 1,200 명",,,,,,,,,,,,,,,,,,,,,,,,,,,,
,,,,,,,,,,,,,,,,,,,,,,,,,,,,
,,,,,,,,,,,,,,,,,,,,,,,,,,,,
캐리비안 프린세스 (Caribbean Princess),,,,,,,특징 & 부대시설 및 프로그램,,,,,,,,,,,,,,,,,,,,,
,,,,,,,,,,,,,,,,,,,,,,,,,,,,
,,,,,,,,,,,,,,,,,,,,,,,,,,,,
,,,,,,,,,,,,,,,,,,,,,,,,,,,,
,,,,,,,,,,,,,,,,,,,,,,,,,,,,
,,,,,,,,,,,,,,,,,,,,,,,,,,,,
,,,,,,,,,,,,,,,,,,,,,,,,,,,,
,,,,,,,,,,,,,,,,,,,,,,,,,,,,
,,,,,,,,,,,,,,,,,,,,,,,,,,,,
,,,,,,,,,,,,,,,,,,,,,,,,,,,,
,,,,,,,,,,,,,,,,,,,,,,,,,,,,
,,,,,,,,,,,,,,,,,,,,,,,,,,,,
,,,,,,,,,,,,,,,,,,,,,,,,,,,,
"총무게:112,894톤  /  길이 : 290 [m]  /  폭 :  35.9 [m]   / 층수 : 19 층  /   객실수 : 1,556  /   탑승정원 : 3,140명   /   승무원 : 1,200 명",,,,,,,,,,,,,,,,,,,,,,,,,,,,
,,,,,,,,,,,,,,,,,,,,,,,,,,,,
,,,,,,,,,,,,,,,,,,,,,,,,,,,,
다이아몬드 프린세스 (Diamond Princess),,,,,,,특징 & 부대시설 및 프로그램,,,,,,,,,,,,,,,,,,,,,
,,,,,,,,,,,,,,,,,,,,,,,,,,,,
,,,,,,,,,,,,,,,,,,,,,,,,,,,,
,,,,,,,,,,,,,,,,,,,,,,,,,,,,
,,,,,,,,,,,,,,,,,,,,,,,,,,,,
,,,,,,,,,,,,,,,,,,,,,,,,,,,,
,,,,,,,,,,,,,,,,,,,,,,,,,,,,
,,,,,,,,,,,,,,,,,,,,,,,,,,,,
,,,,,,,,,,,,,,,,,,,,,,,,,,,,
,,,,,,,,,,,,,,,,,,,,,,,,,,,,
,,,,,,,,,,,,,,,,,,,,,,,,,,,,
,,,,,,,,,,,,,,,,,,,,,,,,,,,,
,,,,,,,,,,,,,,,,,,,,,,,,,,,,
"총무게:115,875톤  /  길이 : 290 [m]  /  폭 :  35.9 [m]   / 층수 : 18 층  /   객실수 : 1,337  /   탑승정원 : 2,710명   /   승무원 : 1,100 명",,,,,,,,,,,,,,,,,,,,,,,,,,,,
,,,,,,,,,,,,,,,,,,,,,,,,,,,,
,,,,,,,,,,,,,,,,,,,,,,,,,,,,
사파이어 프린세스 (Sapphire Princess),,,,,,,특징 & 부대시설 및 프로그램,,,,,,,,,,,,,,,,,,,,,
,,,,,,,,,,,,,,,,,,,,,,,,,,,,
,,,,,,,,,,,,,,,,,,,,,,,,,,,,
,,,,,,,,,,,,,,,,,,,,,,,,,,,,
,,,,,,,,,,,,,,,,,,,,,,,,,,,,
,,,,,,,,,,,,,,,,,,,,,,,,,,,,
,,,,,,,,,,,,,,,,,,,,,,,,,,,,
,,,,,,,,,,,,,,,,,,,,,,,,,,,,
,,,,,,,,,,,,,,,,,,,,,,,,,,,,
,,,,,,,,,,,,,,,,,,,,,,,,,,,,
,,,,,,,,,,,,,,,,,,,,,,,,,,,,
,,,,,,,,,,,,,,,,,,,,,,,,,,,,
,,,,,,,,,,,,,,,,,,,,,,,,,,,,
"총무게:115,875톤  /  길이 : 290 [m]  /  폭 :  35.7 [m]   / 층수 : 18 층  /   객실수 : 1,337  /   탑승정원 : 2,680명   /   승무원 : 1,100 명",,,,,,,,,,,,,,,,,,,,,,,,,,,,
,,,,,,,,,,,,,,,,,,,,,,,,,,,,
,,,,,,,,,,,,,,,,,,,,,,,,,,,,
그랜드 프린세스 (Grand Princess),,,,,,,특징 & 부대시설 및 프로그램,,,,,,,,,,,,,,,,,,,,,
,,,,,,,,,,,,,,,,,,,,,,,,,,,,
,,,,,,,,,,,,,,,,,,,,,,,,,,,,
,,,,,,,,,,,,,,,,,,,,,,,,,,,,
,,,,,,,,,,,,,,,,,,,,,,,,,,,,
,,,,,,,,,,,,,,,,,,,,,,,,,,,,
,,,,,,,,,,,,,,,,,,,,,,,,,,,,
,,,,,,,,,,,,,,,,,,,,,,,,,,,,
,,,,,,,,,,,,,,,,,,,,,,,,,,,,
,,,,,,,,,,,,,,,,,,,,,,,,,,,,
,,,,,,,,,,,,,,,,,,,,,,,,,,,,
,,,,,,,,,,,,,,,,,,,,,,,,,,,,
,,,,,,,,,,,,,,,,,,,,,,,,,,,,
"총무게:107,517톤  /  길이 : 290 [m]  /  폭 :  35.9 [m]   / 층수 : 17 층  /   객실수 : 1,301  /   탑승정원 : 2,610명   /   승무원 : 1,150 명",,,,,,,,,,,,,,,,,,,,,,,,,,,,
,,,,,,,,,,,,,,,,,,,,,,,,,,,,
,,,,,,,,,,,,,,,,,,,,,,,,,,,,
아일랜드 프린세스 (Island Princess),,,,,,,특징 & 부대시설 및 프로그램,,,,,,,,,,,,,,,,,,,,,
,,,,,,,,,,,,,,,,,,,,,,,,,,,,
,,,,,,,,,,,,,,,,,,,,,,,,,,,,
,,,,,,,,,,,,,,,,,,,,,,,,,,,,
,,,,,,,,,,,,,,,,,,,,,,,,,,,,
,,,,,,,,,,,,,,,,,,,,,,,,,,,,
,,,,,,,,,,,,,,,,,,,,,,,,,,,,
,,,,,,,,,,,,,,,,,,,,,,,,,,,,
,,,,,,,,,,,,,,,,,,,,,,,,,,,,
,,,,,,,,,,,,,,,,,,,,,,,,,,,,
,,,,,,,,,,,,,,,,,,,,,,,,,,,,
,,,,,,,,,,,,,,,,,,,,,,,,,,,,
,,,,,,,,,,,,,,,,,,,,,,,,,,,,
"총무게:92,822톤  /  길이 : 293 [m]  /  폭 :  32.3 [m]   / 층수 : 16층  /   객실수 : 1,107  /   탑승정원 : 2,200명   /   승무원 : 895 명",,,,,,,,,,,,,,,,,,,,,,,,,,,,
,,,,,,,,,,,,,,,,,,,,,,,,,,,,
,,,,,,,,,,,,,,,,,,,,,,,,,,,,
코랄 프린세스 (Coral Princess),,,,,,,특징 & 부대시설 및 프로그램,,,,,,,,,,,,,,,,,,,,,
,,,,,,,,,,,,,,,,,,,,,,,,,,,,
,,,,,,,,,,,,,,,,,,,,,,,,,,,,
,,,,,,,,,,,,,,,,,,,,,,,,,,,,
,,,,,,,,,,,,,,,,,,,,,,,,,,,,
,,,,,,,,,,,,,,,,,,,,,,,,,,,,
,,,,,,,,,,,,,,,,,,,,,,,,,,,,
,,,,,,,,,,,,,,,,,,,,,,,,,,,,
,,,,,,,,,,,,,,,,,,,,,,,,,,,,
,,,,,,,,,,,,,,,,,,,,,,,,,,,,
,,,,,,,,,,,,,,,,,,,,,,,,,,,,
,,,,,,,,,,,,,,,,,,,,,,,,,,,,
,,,,,,,,,,,,,,,,,,,,,,,,,,,,
"총무게:91,627톤  /  길이 : 294 [m]  /  폭 :  32 [m]   / 층수 : 16층  /   객실수 : 1,545  /   탑승정원 : 2,000명   /   승무원 : 895 명",,,,,,,,,,,,,,,,,,,,,,,,,,,,